rentree_scolaire;uai;secteur;ips_voie_gt;ips_voie_pro;ips_ensemble_gt_pro;appellation_officielle;libelle_commune;code_departement;code_commune;libelle_departement;libelle_academie;position
2023-2024;0593040J;privé sous contrat;130.4;117.0;;Lycée polyvalent privé Notre-Dame de La Providence;Orchies;059;59449;Nord;Lille;50.47972398187029,3.243689498557268
2023-2024;0590111A;public;;76.8;;Lycée professionnel Sonia Delaunay;Lille;059;59350;Nord;Lille;50.6490983316144,2.9965333782839103
2023-2024;0590122M;public;93.5;83.1;;Lycée polyvalent Valentine Labbé;La Madeleine;059;59368;Nord;Lille;50.647633412189506,3.072290231459998
2023-2024;0590263R;public;;79.1;;Lycée professionnel Fernand Léger;Coudekerque-Branche;059;59155;Nord;Lille;51.02287563312792,2.3982900617678395
2023-2024;0593006X;privé sous contrat;128.2;110.2;;Lycée polyvalent privé Notre-Dame d'Annay;Lille;059;59350;Nord;Lille;50.64245917440617,3.060049591957433
2023-2024;0593060F;privé sous contrat;;93.6;;Lycée Polyvalent Privé Institut Nicolas Barré - Lycée des Métiers de la Sécurité-prévention, de l'Automobile et de la Maintenance des matériels;Armentières;059;59017;Nord;Lille;50.70109039350268,2.8843906263178902
2023-2024;0593063J;privé sous contrat;;102.9;;Lycée professionnel privé Sainte Marie;Bailleul;059;59043;Nord;Lille;50.737396985832,2.7316801850628307
2023-2024;0620030W;public;;81.1;;Lycée professionnel Philippe Auguste;Bapaume;062;62080;Pas-de-Calais;Lille;50.10453002989584,2.8429104995098187
2023-2024;0620257T;public;;83.0;;Lycée professionnel Savary - Ferry;Arras;062;62041;Pas-de-Calais;Lille;50.284322879423684,2.749883658980143
2023-2024;0590073J;public;112.8;;;Lycée général et technologique Auguste Angellier;Dunkerque;059;59183;Nord;Lille;51.04742707320568,2.418563018096749
2023-2024;0590116F;public;117.0;;;Lycée général Fénelon;Lille;059;59350;Nord;Lille;50.6316239331111,3.0576506350141512
2023-2024;0590186G;public;;69.2;;Lycée professionnel Turgot - Lycée des Métiers des Services Administratifs et de la Relation Client;Roubaix;059;59512;Nord;Lille;50.695975253712376,3.1800105385844977
2023-2024;0590217R;public;;76.6;;Lycée professionnel Sévigné - Lycée des Métiers;Tourcoing;059;59599;Nord;Lille;50.73139961025742,3.1631904121695897
2023-2024;0592944E;privé sous contrat;145.8;;;Lycée général privé Saint Adrien La Salle;Villeneuve-d'Ascq;059;59009;Nord;Lille;50.6283189898316,3.14895941190851
2023-2024;0592965C;privé sous contrat;108.8;93.8;;Lycée Polyvalent privé EIC Industriel et Commercial;Tourcoing;059;59599;Nord;Lille;50.7208193236069,3.1505106777928478
2023-2024;0593139S;privé sous contrat;120.2;;;Lycée général privé Sacré-Coeur;Tourcoing;059;59599;Nord;Lille;50.72269625777332,3.1492200738704463
2023-2024;0620059C;public;91.2;76.2;;Lycée professionnel Léo Lagrange;Bully-les-Mines;062;62186;Pas-de-Calais;Lille;50.43788404286816,2.71239976939606
2023-2024;0623328F;public;;76.5;;Lycée Professionnel Henri Senez - Lycée des Métiers;Hénin-Beaumont;062;62427;Pas-de-Calais;Lille;50.404301797466154,2.964260263514632
2023-2024;0623377J;public;;76.1;;Lycée professionnel du bâtiment François Hennebique;Liévin;062;62510;Pas-de-Calais;Lille;50.426112667516925,2.7553890946712016
2023-2024;0620017G;public;85.9;;;Lycée général et technologique Lavoisier;Auchel;062;62048;Pas-de-Calais;Lille;50.50703541195921,2.4761693733313406
2023-2024;0590182C;public;86.2;;;Lycée général Baudelaire;Roubaix;059;59512;Nord;Lille;50.67944483054058,3.167980164666059
2023-2024;0590255G;public;;81.8;;Lycée professionnel Guy Debeyre;Dunkerque;059;59183;Nord;Lille;51.0430361417617,2.3797162971030468
2023-2024;0592921E;privé sous contrat;101.2;;;Lycée général et technologique privé Saint Rémi;Roubaix;059;59512;Nord;Lille;50.69421574675568,3.181114656257771
2023-2024;0592926K;privé sous contrat;132.2;;;Lycée général et technologique privé Saint Jude;Armentières;059;59017;Nord;Lille;50.68744864419935,2.8757305136906353
2023-2024;0594404S;public;;72.4;;Lycée professionnel René Cassin;Montigny-en-Ostrevent;059;59414;Nord;Lille;50.36947072149286,3.186659361419872
2023-2024;0590168M;public;118.8;88.3;;Lycée polyvalent Eugène Thomas;Le Quesnoy;059;59481;Nord;Lille;50.246676623203015,3.6461393135161257
2023-2024;0592963A;privé sous contrat;97.3;95.6;;Lycée polyvalent privé Saint Martin;Roubaix;059;59512;Nord;Lille;50.6870188739175,3.1710495972452684
2023-2024;0596957S;public;;73.5;;Lycée professionnel Aimé Césaire;Lille;059;59350;Nord;Lille;50.63091367687423,3.0924403657936095
2023-2024;0622198C;privé sous contrat;108.6;96.3;;Lycée polyvalent privé et Campus St Joseph - Lycée des métiers énergie - numérique - automation, management - gestion - communication, santé - social;Saint-Martin-Boulogne;062;62758;Pas-de-Calais;Lille;50.73618725781127,1.6233795340665553
2023-2024;0590119J;public;116.1;;;Lycée général et technologique Faidherbe;Lille;059;59350;Nord;Lille;50.61476444362888,3.0777002640212037
2023-2024;0590184E;public;85.9;;;Lycée général Jean Rostand;Roubaix;059;59512;Nord;Lille;50.696269940626884,3.196940035518765
2023-2024;0593141U;privé sous contrat;131.0;;;Lycée général privé Notre-Dame;Valenciennes;059;59606;Nord;Lille;50.35911964455129,3.5300995644256346
2023-2024;0620113L;public;97.0;;;Lycée général et technologique Henri Darras;Liévin;062;62510;Pas-de-Calais;Lille;50.41145260085608,2.770584761939664
2023-2024;0622801H;public;;89.6;;Lycée Professionnel Jean Bertin - Lycée des Métiers des Travaux Publics;Bruay-la-Buissière;062;62178;Pas-de-Calais;Lille;50.49653389940273,2.5295202215615324
2023-2024;0590187H;public;;71.5;;Lycée professionnel Louis Loucheur;Roubaix;059;59512;Nord;Lille;50.67762478334806,3.175260110091525
2023-2024;0590192N;public;108.0;83.1;;Lycée polyvalent Ernest Couteaux;Saint-Amand-les-Eaux;059;59526;Nord;Lille;50.448499212313365,3.443630167896997
2023-2024;0592712C;public;;69.1;;Lycée professionnel Louis Armand;Jeumont;059;59324;Nord;Lille;50.29437266338567,4.1143193475766475
2023-2024;0590064Z;public;102.4;;;Lycée général et technologique Jean-Baptiste Corot;Douai;059;59178;Nord;Lille;50.37451372192315,3.0786206356480013
2023-2024;0590011S;public;117.3;90.7;;Lycée polyvalent Gustave Eiffel - Lycée des métiers;Armentières;059;59017;Nord;Lille;50.68889482830899,2.8709805526447854
2023-2024;0590181B;public;95.4;;;Lycée général et technologique Maxence Van Der Meersch;Roubaix;059;59512;Nord;Lille;50.681280837629195,3.2072199693145738
2023-2024;0593007Y;privé sous contrat;138.4;;;Lycée général et technologique privé Frédéric Ozanam - Lycée des métiers de la construction de l'environnement et des énergies;Lille;059;59350;Nord;Lille;50.63952680403839,3.086722423844717
2023-2024;0620070P;public;97.9;;;Lycée général et Technologique Diderot;Carvin;062;62215;Pas-de-Calais;Lille;50.490856216535505,2.947589960987671
2023-2024;0620188T;public;;74.4;;Lycée professionnel du Detroit;Calais;062;62193;Pas-de-Calais;Lille;50.93848890746123,1.8741898077134682
2023-2024;0620256S;public;105.4;70.0;;Lycée polyvalent Guy Mollet;Arras;062;62041;Pas-de-Calais;Lille;50.27997801430588,2.7945556871546717
2023-2024;0620258U;public;;85.9;;Lycée professionnel Voltaire;Wingles;062;62895;Pas-de-Calais;Lille;50.48887414443361,2.8550802232596024
2023-2024;0624109E;public;105.0;80.5;;Lycée polyvalent Giraux Sannier;Saint-Martin-Boulogne;062;62758;Pas-de-Calais;Lille;50.722346446775916,1.637345992772592
2023-2024;0590065A;public;90.4;77.7;;Lycée Polyvalent Elisa Lemonnier;Douai;059;59178;Nord;Lille;50.37711075196482,3.0699795420155365
2023-2024;0590024F;public;111.3;;;Lycée général des Nerviens;Bavay;059;59053;Nord;Lille;50.298610453598606,3.794680671485113
2023-2024;0590185F;public;72.7;73.7;;Lycée polyvalent Jean Moulin;Roubaix;059;59512;Nord;Lille;50.68533375781229,3.1729055445539354
2023-2024;0593106F;privé sous contrat;134.2;;;Lycée général privé Sainte Odile;Lambersart;059;59328;Nord;Lille;50.63813267153524,3.0268505735742863
2023-2024;0594375K;public;;79.7;;Lycée professionnel Dinah Derycke;Villeneuve-d'Ascq;059;59009;Nord;Lille;50.63913094142387,3.1342400756179085
2023-2024;0620109G;public;86.5;;;Lycée général et technologique Auguste Béhal;Lens;062;62498;Pas-de-Calais;Lille;50.44531044537245,2.824519890184113
2023-2024;0590214M;public;91.7;83.8;;Lycée polyvalent Colbert;Tourcoing;059;59599;Nord;Lille;50.72565833616726,3.1571806711317283
2023-2024;0590222W;public;117.9;;;Lycée général et technologique Watteau;Valenciennes;059;59606;Nord;Lille;50.35851621152923,3.531169640853643
2023-2024;0592922F;privé sous contrat;138.5;;;Lycée général privé Thérèse d'Avila;Lille;059;59350;Nord;Lille;50.63093614902927,3.047926776851748
2023-2024;0592935V;privé sous contrat;141.8;;;Lycée général privé La Croix Blanche;Bondues;059;59090;Nord;Lille;50.71990834421268,3.109499868205024
2023-2024;0593078A;privé sous contrat;107.2;91.6;;Lycée polyvalent privé Fondation Depoorter - Lycée des Métiers de la Santé et du Social;Hazebrouck;059;59295;Nord;Lille;50.72008158936342,2.534279336289359
2023-2024;0620027T;public;84.6;65.7;;Lycée polyvalent Pablo Picasso;Avion;062;62065;Pas-de-Calais;Lille;50.40291014669074,2.8341793271333096
2023-2024;0620056Z;public;96.7;75.4;;Lycée polyvalent Carnot;Bruay-la-Buissière;062;62178;Pas-de-Calais;Lille;50.480074477316144,2.5442748832997313
2023-2024;0624531N;privé sous contrat;126.2;;;Lycée général et technologique privé Sainte Austreberthe;Montreuil-sur-Mer;062;62588;Pas-de-Calais;Lille;50.463671602004325,1.7655622957323893
2023-2024;0622120T;privé sous contrat;119.7;;;Lycée général privé Notre-Dame de Sion;Saint-Omer;062;62765;Pas-de-Calais;Lille;50.75402602776089,2.2559104276682307
2023-2024;0593061G;privé sous contrat;126.5;100.2;;Lycée polyvalent privé Saint Luc;Cambrai;059;59122;Nord;Lille;50.16958301950934,3.229590484855038
2023-2024;0595809U;public;101.9;;;Lycée général et technologique de l'Escaut;Valenciennes;059;59606;Nord;Lille;50.36560364478319,3.514151168296665
2023-2024;0595856V;public;;77.4;;Lycée professionnel de L'Yser;Wormhout;059;59663;Nord;Lille;50.884137343483836,2.453320144518494
2023-2024;0590112B;public;103.1;;;Lycée général et technologique Dupleix;Landrecies;059;59331;Nord;Lille;50.12312470391326,3.68562043758952
2023-2024;0590198V;public;;76.9;;Lycée professionnel Georges Guynemer;Dunkerque;059;59183;Nord;Lille;51.027301603302405,2.356039773078277
2023-2024;0590264S;public;;74.7;;Lycée professionnel Alfred Kastler;Denain;059;59172;Nord;Lille;50.33007745407158,3.4073601769039192
2023-2024;0592916Z;privé sous contrat;110.8;;;Lycée général et technologique privé Notre-Dame de Grâce;Maubeuge;059;59392;Nord;Lille;50.276791021567234,3.9759099873260664
2023-2024;0593027V;privé sous contrat;;115.8;;Lycée professionnel privé EPIL (Groupe Ozanam Lille) - Lycée des métiers de la construction de l'environnement et des énergies;Lille;059;59350;Nord;Lille;50.62226289891288,3.0573901909225523
2023-2024;0595657D;privé sous contrat;117.7;104.4;;Lycée polyvalent privé Institut Saint Vincent de Paul - Lycée des métiers du bien être, de la santé et du social;Loos;059;59360;Nord;Lille;50.61771702809541,3.0054096862702373
2023-2024;0596892W;public;95.4;;;Lycée d'excellence Edgar Morin;Douai;059;59178;Nord;Lille;50.367722368189305,3.0708101127118423
2023-2024;0624440P;public;98.4;78.9;;Lycée polyvalent d'Artois;Noeux-les-Mines;062;62617;Pas-de-Calais;Lille;50.472782357429715,2.6599496052880744
2023-2024;0594653M;public;;73.3;;Lycée professionnel André Jurénil;Denain;059;59172;Nord;Lille;50.32137090011602,3.3986500991884303
2023-2024;0592850C;public;;77.7;;Lycée professionnel Antoine de Saint-Exupéry;Halluin;059;59279;Nord;Lille;50.778454608445735,3.11436013937214
2023-2024;0592976P;privé sous contrat;108.4;92.3;;Lycée polyvalent privé Hélène Boucher;Somain;059;59574;Nord;Lille;50.371725205123234,3.2789301078023994
2023-2024;0593225K;privé sous contrat;151.3;;;Lycée privé de Marcq;Marcq-en-Baroeul;059;59378;Nord;Lille;50.680199461427016,3.1072494509742614
2023-2024;0620110H;public;;74.8;;Lycée professionnel Auguste Béhal;Lens;062;62498;Pas-de-Calais;Lille;50.44568424632821,2.8247800679102935
2023-2024;0620161N;public;106.6;;;Lycée général et technologique Alexandre Ribot;Saint-Omer;062;62765;Pas-de-Calais;Lille;50.74810182528998,2.258739419240545
2023-2024;0620162P;public;;78.7;;Lycée Professionnel du pays de Saint-Omer;Saint-Omer;062;62765;Pas-de-Calais;Lille;50.7488017288147,2.2789006730571884
2023-2024;0622195Z;privé sous contrat;;95.7;;Lycée professionnel privé Sainte Marie;Fruges;062;62364;Pas-de-Calais;Lille;50.5162169247229,2.138364482704267
2023-2024;0590063Y;public;117.0;;;Lycée général Albert Chatelet;Douai;059;59178;Nord;Lille;50.37386901137226,3.0855501786094375
2023-2024;0590071G;public;106.7;;;Lycée général et technologique Jean Bart;Dunkerque;059;59183;Nord;Lille;51.036868994286124,2.384053598737123
2023-2024;0592611T;public;;76.7;;Lycée professionnel Louis Blériot;Cambrai;059;59122;Nord;Lille;50.1611528566526,3.2646595829163867
2023-2024;0593015G;privé sous contrat;;92.3;;Lycée professionnel privé Camille de Lellis;Lambersart;059;59328;Nord;Lille;50.653886292195466,3.0245495804342024
2023-2024;0593117T;privé sous contrat;136.0;124.7;;Lycée polyvalent privé La Salle;Lille;059;59350;Nord;Lille;50.62863139467977,3.0408093284103512
2023-2024;0620140R;public;108.1;82.4;;Lycée polyvalent Eugène Woillez;Montreuil-sur-Mer;062;62588;Pas-de-Calais;Lille;50.46465147539644,1.7656944156132608
2023-2024;0620190V;public;;79.5;;Lycée professionnel Henri Darras;Liévin;062;62510;Pas-de-Calais;Lille;50.41145260085608,2.770584761939664
2023-2024;0622114L;privé sous contrat;123.2;112.3;;Lycée polyvalent privé Saint Paul;Lens;062;62498;Pas-de-Calais;Lille;50.436096360395936,2.8224197593368108
2023-2024;0622275L;public;;71.3;;Lycée Professionnel Jean-Charles Cazin;Boulogne-sur-Mer;062;62160;Pas-de-Calais;Lille;50.72039470389826,1.6090696537897844
2023-2024;0623915U;public;109.0;;;Lycée général et technologique Voltaire;Wingles;062;62895;Pas-de-Calais;Lille;50.488411414449956,2.8546904110900857
2023-2024;0623981R;public;110.3;84.5;;Lycée polyvalent Vauban;Aire-sur-la-Lys;062;62014;Pas-de-Calais;Lille;50.63385648444239,2.40677808845275
2023-2024;0595885B;public;102.6;;;Lycée général et technologique Arthur Rimbaud;Sin-le-Noble;059;59569;Nord;Lille;50.347635305312394,3.10809937334314
2023-2024;0590035T;public;109.0;;;Lycée général et technologique Fénelon;Cambrai;059;59122;Nord;Lille;50.175870780915,3.228199657567074
2023-2024;0590072H;public;93.0;;;Lycée général et technologique de l'Europe;Dunkerque;059;59183;Nord;Lille;51.018125652660665,2.354729312970334
2023-2024;0590086Y;public;126.7;;;Lycée général et technologique Marguerite de Flandre;Gondecourt;059;59266;Nord;Lille;50.54304663676516,2.9810103905678043
2023-2024;0595616J;public;91.8;;;Lycée général et technologique du Noordover;Grande-Synthe;059;59271;Nord;Lille;51.01063699455482,2.301880513906653
2023-2024;0620150B;public;;75.3;;Lycée professionnel Irène Joliot-Curie;Oignies;062;62637;Pas-de-Calais;Lille;50.46857293890161,2.9989634579878466
2023-2024;0620221D;public;;78.5;;Lycée professionnel Professeur Clerc;Outreau;062;62643;Pas-de-Calais;Lille;50.70325192965123,1.5879396396462746
2023-2024;0623463C;public;;76.6;;Lycée Professionnel Normandie-Niemen;Calais;062;62193;Pas-de-Calais;Lille;50.954793462432164,1.9014092885003682
2023-2024;0622106C;privé sous contrat;135.2;;;Lycée général privé Saint Vaast-Saint Dominique;Béthune;062;62119;Pas-de-Calais;Lille;50.52365226332818,2.6472706006311224
2023-2024;0590249A;public;;77.6;;Lycée professionnel Jacques-Yves Cousteau;Wasquehal;059;59646;Nord;Lille;50.67257580871957,3.1259399453159507
2023-2024;0593079B;privé sous contrat;;87.7;;Lycée professionnel privé Sainte Bernadette;Jeumont;059;59324;Nord;Lille;50.29509345627096,4.101360647526703
2023-2024;0593109J;privé sous contrat;137.7;;;Lycée général privé Notre-Dame de La Paix;Lille;059;59350;Nord;Lille;50.642901483734704,3.0621106439756147
2023-2024;0593138R;privé sous contrat;127.7;;;Lycée général privé Saint Michel;Solesmes;059;59571;Nord;Lille;50.18359440273775,3.504169811018734
2023-2024;0590101P;public;114.0;;;Lycée général et technologique des Flandres;Hazebrouck;059;59295;Nord;Lille;50.73117704127288,2.5290609979501575
2023-2024;0592833J;public;98.8;83.0;;Lycée professionnel Les Hauts de Flandre;Seclin;059;59560;Nord;Lille;50.54395279699628,3.0259298337521656
2023-2024;0596122J;privé sous contrat;155.6;;;Lycée général privé Jeannine Manuel;Marcq-en-Baroeul;059;59378;Nord;Lille;50.6903886081222,3.1213101956118496
2023-2024;0596925G;public;132.1;101.9;;Lycée polyvalent Charlotte Perriand;Genech;059;59258;Nord;Lille;50.52269734088659,3.218869763943286
2023-2024;0590018Z;public;101.0;76.0;;Lycée polyvalent Jesse de Forest;Avesnes-sur-Helpe;059;59036;Nord;Lille;50.1211158137875,3.924170542399109
2023-2024;0590060V;public;88.6;;;Lycée général et technologique Alfred Kastler;Denain;059;59172;Nord;Lille;50.33075360996776,3.408960402671094
2023-2024;0590098L;public;;71.1;;Lycée professionnel Placide Courtoy;Hautmont;059;59291;Nord;Lille;50.25120164822347,3.9136506659390724
2023-2024;0590143K;public;124.6;;;Lycée général Yves Kernanec;Marcq-en-Baroeul;059;59378;Nord;Lille;50.66201238713699,3.0864196072483905
2023-2024;0590282L;public;87.9;;;Lycée général et technologique Jules Mousseron;Denain;059;59172;Nord;Lille;50.32257843331871,3.3969977895268713
2023-2024;0592610S;public;;74.2;;Lycée Professionnel Pierre-Joseph Laurent;Aniche;059;59008;Nord;Lille;50.327281912176026,3.2607102785639683
2023-2024;0594424N;public;105.7;;;Lycée général et technologique Raymond Queneau;Villeneuve-d'Ascq;059;59009;Nord;Lille;50.62552665953479,3.1318603271310668
2023-2024;0594532F;public;;73.1;;Lycée professionnel Ambroise Croizat;Auby;059;59028;Nord;Lille;50.41539674624605,3.0508901688569505
2023-2024;0620062F;public;108.4;;;Lycée général et technologique Pierre de Coubertin;Calais;062;62193;Pas-de-Calais;Lille;50.95670366866296,1.8360201778438683
2023-2024;0620108F;public;87.9;;;Lycée général et technologique Condorcet;Lens;062;62498;Pas-de-Calais;Lille;50.431340669712974,2.838310487463382
2023-2024;0590125R;public;112.3;93.4;;Lycée Hôtelier International de Lille;Lille;059;59350;Nord;Lille;50.628494633089716,3.0930595369915377
2023-2024;0590042A;public;88.6;72.2;;Lycée polyvalent Camille Desmoulins;Le Cateau-Cambrésis;059;59136;Nord;Lille;50.10325869386659,3.5416600633820945
2023-2024;0592973L;privé sous contrat;;91.5;;Lycée professionnel privé Saint François d'Assise;Roubaix;059;59512;Nord;Lille;50.697307396122326,3.173999399471153
2023-2024;0593495D;public;;79.3;;Lycée Professionnel Paul Langevin;Waziers;059;59654;Nord;Lille;50.387338697181924,3.1023402216368394
2023-2024;0592940A;privé sous contrat;131.6;;;Lycée général privé Saint Jean;Douai;059;59178;Nord;Lille;50.36960965395435,3.0860735539934394
2023-2024;0620040G;public;117.8;;;Lycée général et technologique Louis Blaringhem;Béthune;062;62119;Pas-de-Calais;Lille;50.52973183135046,2.6436076215830355
2023-2024;0623902E;public;97.5;80.8;;Lycée Polyvalent Marguerite Yourcenar;Beuvry;062;62126;Pas-de-Calais;Lille;50.51795889905968,2.663069709245919
2023-2024;0620011A;public;;79.3;;Lycée Professionnel Jacques Le Caron;Arras;062;62041;Pas-de-Calais;Lille;50.29194097339432,2.7440296430657836
2023-2024;0622107D;privé sous contrat;130.1;;;Lycée général privé Nazareth Haffreingue;Boulogne-sur-Mer;062;62160;Pas-de-Calais;Lille;50.730330199360694,1.6181601886427732
2023-2024;0622199D;privé sous contrat;115.0;105.3;;Lycée polyvalent privé Saint Denis;Saint-Omer;062;62765;Pas-de-Calais;Lille;50.75020814136252,2.2612089130209445
2023-2024;0622211S;privé sous contrat;;96.0;;Lycée professionnel privé Saint-Pierre;Calais;062;62193;Pas-de-Calais;Lille;50.94347846804082,1.855120665022083
2023-2024;0590233H;public;85.5;75.9;;Lycée polyvalent Emile Zola;Wattrelos;059;59650;Nord;Lille;50.706592993300895,3.2317799402250076
2023-2024;0590034S;public;102.0;;;Lycée général et technologique Paul Duez;Cambrai;059;59122;Nord;Lille;50.17300700549558,3.242749459341245
2023-2024;0592967E;privé sous contrat;111.8;102.4;;Lycée polyvalent privé La Sagesse;Valenciennes;059;59606;Nord;Lille;50.359805483356865,3.5294906529605417
2023-2024;0594302F;public;;72.7;;Lycée professionnel François Mansart - Lycée des Métiers du Bâtiment;Marly;059;59383;Nord;Lille;50.344034747827834,3.5551897094746434
2023-2024;0595787V;public;;71.5;;Lycée professionnel Alain Savary;Wattrelos;059;59650;Nord;Lille;50.709979010581684,3.1989101956520534
2023-2024;0595884A;public;76.0;74.3;;Lycée polyvalent André Lurcat;Maubeuge;059;59392;Nord;Lille;50.272549799393786,3.9575103345776204
2023-2024;0596854E;public;83.7;71.8;;Lycée polyvalent du Pays de Condé;Condé-sur-l'Escaut;059;59153;Nord;Lille;50.46175198064292,3.583239328566915
2023-2024;0620063G;public;102.7;;;Lycée Général et Technologique Sophie Berthelot;Calais;062;62193;Pas-de-Calais;Lille;50.946620266863945,1.843350109781972
2023-2024;0622116N;privé sous contrat;140.0;;;Lycée général privé La Malassise;Longuenesse;062;62525;Pas-de-Calais;Lille;50.73675598497991,2.243659848691866
2023-2024;0622150A;privé sous contrat;87.8;85.2;;Lycée polyvalent privé Jean Bosco;Guînes;062;62397;Pas-de-Calais;Lille;50.86985091051717,1.8680601712173035
2023-2024;0592932S;privé sous contrat;141.7;;;Lycée général privé Sainte Marie;Beaucamps-Ligny;059;59056;Nord;Lille;50.60188630055761,2.918750518757317
2023-2024;0593058D;privé sous contrat;102.8;89.2;;Lycée polyvalent privé Vauban - Lycée des métiers;Dunkerque;059;59183;Nord;Lille;51.02923867387293,2.378170031013183
2023-2024;0593071T;privé sous contrat;103.9;91.9;;Lycée polyvalent privé Deforest de Lewarde;Douai;059;59178;Nord;Lille;50.37157863937761,3.0818404420605003
2023-2024;0594391C;public;128.0;;;Lycée technologique Ecole Sup Arts Appliqués Textile;Roubaix;059;59512;Nord;Lille;50.69581542561661,3.1685605598646234
2023-2024;0620052V;public;102.4;85.0;;Lycée polyvalent Edouard Branly;Boulogne-sur-Mer;062;62160;Pas-de-Calais;Lille;50.72026967215179,1.6169305403147542
2023-2024;0620187S;public;;77.3;;Lycée professionnel Jules Verne;Etaples;062;62318;Pas-de-Calais;Lille;50.51983685836032,1.6456802116966007
2023-2024;0622089J;public;;80.9;;Lycée professionnel André Malraux;Béthune;062;62119;Pas-de-Calais;Lille;50.52055017805886,2.654258625948719
2023-2024;0622807P;public;120.4;106.8;;Lycée Polyvalent Hôtelier;Le Touquet-Paris-Plage;062;62826;Pas-de-Calais;Lille;50.51765040985414,1.5959796093389416
2023-2024;0590252D;public;;84.2;;Lycée professionnel Louis-Léopold Boilly;La Bassée;059;59051;Nord;Lille;50.535319810796466,2.810530022452471
2023-2024;0590015W;public;;79.6;;Lycée professionnel Pierre et Marie Curie;Aulnoye-Aymeries;059;59033;Nord;Lille;50.197143757169094,3.838209478668158
2023-2024;0595480L;public;;73.9;;Lycée professionnel Ile Jeanty;Dunkerque;059;59183;Nord;Lille;51.03096184672872,2.362340424678106
2023-2024;0596681S;privé sous contrat;110.2;;;Lycée général et technologique privé Averroès;Lille;059;59350;Nord;Lille;50.61397311781983,3.053500423781729
2023-2024;0590044C;public;87.4;71.8;;Lycée polyvalent Joseph-Marie Jacquard;Caudry;059;59139;Nord;Lille;50.12602921871598,3.4023195152689407
2023-2024;0590083V;public;94.0;71.7;;Lycée polyvalent Camille Claudel;Fourmies;059;59249;Nord;Lille;50.009882926179806,4.043389599129955
2023-2024;0590093F;public;113.8;89.8;;Lycée polyvalent Beaupré - Lycée des Métiers de la Plasturgie;Haubourdin;059;59286;Nord;Lille;50.599202793596874,2.9873303455090494
2023-2024;0590102R;public;;83.3;;Lycée Professionnel des Monts de Flandre;Hazebrouck;059;59295;Nord;Lille;50.73117704127288,2.5290609979501575
2023-2024;0592928M;privé sous contrat;106.9;96.9;;Lycée privé Sainte Jeanne d'Arc;Aulnoye-Aymeries;059;59033;Nord;Lille;50.200639667682175,3.8312103567966593
2023-2024;0593114P;privé sous contrat;151.2;;;Lycée général privé Saint Paul;Lille;059;59350;Nord;Lille;50.62796270475039,3.048570130436905
2023-2024;0593136N;privé sous contrat;129.6;;;Lycée général et technologique privé Saint Jacques;Hazebrouck;059;59295;Nord;Lille;50.72335632938025,2.5300914913902157
2023-2024;0594400M;public;;79.0;;Lycée professionnel Automobile et Transports;Grande-Synthe;059;59271;Nord;Lille;50.998362673395654,2.3017994777256736
2023-2024;0596281G;privé sous contrat;129.2;;;Lycée général privé de Genech;Genech;059;59258;Nord;Lille;50.529552607986716,3.2102803291799504
2023-2024;0596335R;privé sous contrat;129.1;;;Lycée général privé Institut d'Anchin;Pecquencourt;059;59456;Nord;Lille;50.38642094961313,3.221630608280378
2023-2024;0620167V;public;;79.0;;Lycée professionnel Pierre Mendès France;Saint-Pol-sur-Ternoise;062;62767;Pas-de-Calais;Lille;50.373560819505215,2.3294305550080514
2023-2024;0590121L;public;91.5;;;Lycée général et technologique César Baggio;Lille;059;59350;Nord;Lille;50.61704679945079,3.0683106686912387
2023-2024;0590144L;public;;86.8;;Lycée professionnel Automobile Alfred Mongy;Marcq-en-Baroeul;059;59378;Nord;Lille;50.66796847737482,3.083590286893986
2023-2024;0590149S;public;94.0;75.4;;Lycée polyvalent Pierre Forest;Maubeuge;059;59392;Nord;Lille;50.28194015619967,3.9801699263669823
2023-2024;0590223X;public;95.6;;;Lycée général et technologique du Hainaut;Valenciennes;059;59606;Nord;Lille;50.35766226026153,3.510349990297744
2023-2024;0590257J;public;;79.1;;Lycée professionnel Ile de Flandre;Armentières;059;59017;Nord;Lille;50.691386341569505,2.8901400077647286
2023-2024;0590270Y;public;;79.7;;Lycée professionnel du Hainaut - Lycée des métiers de l'automobile;Valenciennes;059;59606;Nord;Lille;50.35727696729706,3.510600106742799
2023-2024;0592832H;public;;82.3;;Lycée professionnel Vertes Feuilles - Lycée des métiers de la sécurité et de la prévention;Saint-André-lez-Lille;059;59527;Nord;Lille;50.66123029179395,3.0366299853644776
2023-2024;0590110Z;public;120.7;;;Lycée général et technologique Jean Perrin;Lambersart;059;59328;Nord;Lille;50.6475899494943,3.0391493491656583
2023-2024;0590207E;public;100.6;;;Lycée général et technologique Louis Pasteur;Somain;059;59574;Nord;Lille;50.34945080014521,3.2830501908910894
2023-2024;0592913W;privé sous contrat;133.7;;;Lycée général privé Notre-Dame des Anges;Saint-Amand-les-Eaux;059;59526;Nord;Lille;50.448819278027024,3.425610694863912
2023-2024;0595786U;public;100.6;;;Lycée général et technologique Jean Prouvé;Lille;059;59350;Nord;Lille;50.650130390462245,2.9987705661289037
2023-2024;0620043K;public;;78.8;;Lycée professionnel Salvador Allende;Béthune;062;62119;Pas-de-Calais;Lille;50.5217622792638,2.649280294405745
2023-2024;0620189U;public;;79.8;;Lycée professionnel Pierre de Coubertin;Calais;062;62193;Pas-de-Calais;Lille;50.95670366866296,1.8360201778438683
2023-2024;0622110G;privé sous contrat;121.1;;;Lycée général et technologique privé Saint Pierre;Calais;062;62193;Pas-de-Calais;Lille;50.94496373289567,1.8583213564747443
2023-2024;0590005K;public;;73.0;;Lycée professionnel Pierre-Joseph Fontaine;Anzin;059;59014;Nord;Lille;50.36869144162664,3.4913699806095098
2023-2024;0590010R;public;110.1;;;Lycée général et technologique Paul Hazard;Armentières;059;59017;Nord;Lille;50.688301741442004,2.876341466792121
2023-2024;0590216P;public;;89.7;;Lycée professionnel Le Corbusier;Tourcoing;059;59599;Nord;Lille;50.721811278733774,3.172310463550062
2023-2024;0592929N;privé sous contrat;114.9;;;Lycée général et technologique privé Sainte Thérèse;Avesnes-sur-Helpe;059;59036;Nord;Lille;50.122452447452424,3.933050076860702
2023-2024;0593030Y;privé sous contrat;;99.3;;Lycée professionnel privé Notre-Dame du Sacré-Coeur - Lycée des métiers du bien être, de la santé et du social;Loos;059;59360;Nord;Lille;50.617893822659546,3.005470361717177
2023-2024;0620042J;public;104.2;;;Lycée général et technologique André Malraux;Béthune;062;62119;Pas-de-Calais;Lille;50.52055017805886,2.654258625948719
2023-2024;0622196A;privé sous contrat;131.9;112.6;;Lycée Polyvalent Privé Baudimont;Arras;062;62041;Pas-de-Calais;Lille;50.29440608237028,2.766420307606159
2023-2024;0624141P;public;101.8;81.2;;Lycée polyvalent Léonard de Vinci - Lycée des métiers de la maintenance industrielle des terres d'Opale;Calais;062;62193;Pas-de-Calais;Lille;50.95239038150301,1.8800993924364584
2023-2024;0620095S;public;92.2;78.3;;Lycée Polyvalent Louis Pasteur;Hénin-Beaumont;062;62427;Pas-de-Calais;Lille;50.431142602253566,2.947469312306459
2023-2024;0620120U;public;107.7;;;Lycée général et technologique Anatole France;Lillers;062;62516;Pas-de-Calais;Lille;50.555379966796544,2.478500646465879
2023-2024;0597005U;public;102.7;87.2;;Lycée polyvalent du Val de Lys;Estaires;059;59212;Nord;Lille;50.644029993116504,2.7044897620264567
2023-2024;0620220C;public;;69.9;;Lycée professionnel La Peupleraie;Sallaumines;062;62771;Pas-de-Calais;Lille;50.41278044246009,2.863410572686286
2023-2024;0622276M;public;104.3;83.3;;Lycée polyvalent Jan Lavezzari;Berck;062;62108;Pas-de-Calais;Lille;50.39813402623474,1.5594971419606591
2023-2024;0590215N;public;75.0;;;Lycée général et technologique Sévigné;Tourcoing;059;59599;Nord;Lille;50.730849887755625,3.164309762608626
2023-2024;0590212K;public;98.2;;;Lycée général;Tourcoing;059;59599;Nord;Lille;50.71267987272852,3.156950601176176
2023-2024;0593077Z;privé sous contrat;112.4;99.5;;Lycée polyvalent privé Saint Joseph;Hazebrouck;059;59295;Nord;Lille;50.71860222127405,2.5331693699257007
2023-2024;0594278E;privé sous contrat;118.9;;;Lycée technologique privé EPID;Dunkerque;059;59183;Nord;Lille;51.02626133589449,2.3721400076836052
2023-2024;0620121V;public;;78.5;;Lycée professionnel Flora Tristan;Lillers;062;62516;Pas-de-Calais;Lille;50.5606929553647,2.4756204331727534
2023-2024;0622192W;privé sous contrat;;86.5;;Lycée professionnel privé Saint Joseph;Etaples;062;62318;Pas-de-Calais;Lille;50.51347588636617,1.6436493823154779
2023-2024;0624430D;public;112.0;;;Lycée général et technologique Gambetta Carnot;Arras;062;62041;Pas-de-Calais;Lille;50.28847161491862,2.7768295199204083
2023-2024;0620124Y;public;;74.8;;Lycée professionnel Bernard Chochoy;Lumbres;062;62534;Pas-de-Calais;Lille;50.709088307572785,2.131740459302725
2023-2024;0620131F;public;;78.6;;Lycée professionnel des Deux Caps;Marquise;062;62560;Pas-de-Calais;Lille;50.81692361922001,1.709929392656794
2023-2024;0620192X;public;;71.4;;Lycée professionnel Pierre Mendès France;Bruay-la-Buissière;062;62178;Pas-de-Calais;Lille;50.485659885167536,2.5368604593309745
2023-2024;0593066M;privé sous contrat;;81.8;;Lycée professionnel privé Jean Paul II;Denain;059;59172;Nord;Lille;50.32276539410598,3.38127981978085
2023-2024;0590189K;public;;71.6;;Lycée professionnel Lavoisier;Roubaix;059;59512;Nord;Lille;50.69490416584315,3.1846702934946864
2023-2024;0590221V;public;103.6;;;Lycée général et technologique Henri Wallon;Valenciennes;059;59606;Nord;Lille;50.364073876597814,3.5211996849440834
2023-2024;0590266U;public;;83.1;;Lycée professionnel César Baggio;Lille;059;59350;Nord;Lille;50.61713045478125,3.066300687077592
2023-2024;0592966D;privé sous contrat;104.7;97.8;;Lycée polyvalent privé EIC Jehanne d'Arc;Tourcoing;059;59599;Nord;Lille;50.72117528777827,3.1499901566502215
2023-2024;0592980U;privé sous contrat;96.2;90.7;;Lycée polyvalent privé EIC Marie Noël;Tourcoing;059;59599;Nord;Lille;50.72285507566227,3.166880284635091
2023-2024;0593102B;privé sous contrat;126.6;;;Lycée général privé Notre-Dame des Dunes;Dunkerque;059;59183;Nord;Lille;51.03380776219629,2.3833005955047737
2023-2024;0597115N;public;140.7;;;Ecole européenne Lille Métropole Jacques Delors - niveau collège et lycée;Marcq-en-Baroeul;059;59378;Nord;Lille;50.66219072832191,3.0867629963039365
2023-2024;0620006V;public;120.5;;;Lycée général et technologique Robespierre;Arras;062;62041;Pas-de-Calais;Lille;50.28746924484588,2.7655204011797494
2023-2024;0620166U;public;104.8;;;Lycée général et technologique Albert Châtelet;Saint-Pol-sur-Ternoise;062;62767;Pas-de-Calais;Lille;50.38568565435221,2.3455396752654427
2023-2024;0622803K;public;105.2;;;Lycée général et technologique Blaise Pascal;Longuenesse;062;62525;Pas-de-Calais;Lille;50.73867971356185,2.2561397443597024
2023-2024;0622949U;public;104.8;;;Lycée général et technologique Mariette;Boulogne-sur-Mer;062;62160;Pas-de-Calais;Lille;50.73231433308562,1.61089946209174
2023-2024;0623864N;public;;79.4;;Lycée Professionnel Maximilien de Robespierre;Lens;062;62498;Pas-de-Calais;Lille;50.43957792762937,2.7964398974781792
2023-2024;0590117G;public;118.0;;;Lycée général et technologique Louis Pasteur;Lille;059;59350;Nord;Lille;50.642779647074164,3.0701394574229663
2023-2024;0590133Z;public;;79.7;;Lycée professionnel Maurice Duhamel;Loos;059;59360;Nord;Lille;50.60228482894601,3.0114097341470454
2023-2024;0590258K;public;85.1;;;Lycée général et technologique Gaston Berger;Lille;059;59350;Nord;Lille;50.613735331543566,3.075818478526511
2023-2024;0592969G;privé sous contrat;113.0;100.7;;Lycée polyvalent privé Dampierre;Valenciennes;059;59606;Nord;Lille;50.35417746162148,3.5005900695930467
2023-2024;0593034C;privé sous contrat;108.7;91.5;;Lycée polyvalent privé Théophile Legrand;Louvroil;059;59365;Nord;Lille;50.27679101047046,3.9759113883221886
2023-2024;0593104D;privé sous contrat;101.2;79.8;;Lycée polyvalent privé Saint Pierre;Fourmies;059;59249;Nord;Lille;50.009224390857845,4.050339807198157
2023-2024;0595678B;public;;75.1;;Lycée professionnel Léonard de Vinci;Trith-Saint-Léger;059;59603;Nord;Lille;50.330499362994665,3.4818606230555367
2023-2024;0595918M;privé sous contrat;;105.2;;Lycée professionnel privé EPID - Lycée des Métiers des Industries et des innovations technologiques;Dunkerque;059;59183;Nord;Lille;51.02622097738699,2.3721405165500014
2023-2024;0620093P;public;96.9;;;Lycée général et technologique Fernand Darchicourt;Hénin-Beaumont;062;62427;Pas-de-Calais;Lille;50.41139699940542,2.960130625900682
2023-2024;0620018H;public;;72.1;;Lycée professionnel Fernand Degrugillier;Auchel;062;62048;Pas-de-Calais;Lille;50.505304244693114,2.4659506949995373
2023-2024;0590037V;public;;78.6;;Lycée professionnel Louise de Bettignies;Cambrai;059;59122;Nord;Lille;50.17340424155453,3.2412202736826305
2023-2024;0592964B;privé sous contrat;;84.4;;Lycée professionnel privé Léonard de Vinci;Roubaix;059;59512;Nord;Lille;50.69421574675568,3.181114656257771
2023-2024;0594652L;public;;72.7;;Lycée professionnel des Plaines du Nord;Grande-Synthe;059;59271;Nord;Lille;51.0145906417492,2.3117499611761665
2023-2024;0595867G;public;106.4;;;Lycée général et technologique international Montebello;Lille;059;59350;Nord;Lille;50.620118605335925,3.0474805569861947
