rentree_scolaire;uai;secteur;ips;appellation_officielle;libelle_commune;code_departement;code_commune;libelle_departement;libelle_academie;position
2023-2024;0590131X;public;76.0;Collège Jean Jaurès;Lille;059;59350;Nord;Lille;50.64124280357082,3.011501851353845
2023-2024;0593251N;public;97.0;Collège Docteur Ernest Schaffner;Roost-Warendin;059;59509;Nord;Lille;50.41353020793823,3.108330457286914
2023-2024;0593666P;public;106.1;Collège Gaspard Malo;Dunkerque;059;59183;Nord;Lille;51.05153241629934,2.4234896505024253
2023-2024;0593672W;public;94.9;Collège de L'Ostrevant;Bouchain;059;59092;Nord;Lille;50.28074903042848,3.306319883127561
2023-2024;0594412A;public;82.0;Collège Jean Jaurès;Vieux-Condé;059;59616;Nord;Lille;50.46468284594241,3.566440487065162
2023-2024;0594418G;public;74.3;Collège Charles de Gaulle;Jeumont;059;59324;Nord;Lille;50.3030779347669,4.090250109750892
2023-2024;0595175E;public;99.7;Collège Fénelon;Cambrai;059;59122;Nord;Lille;50.1757149656532,3.2289302757058485
2023-2024;0590030M;public;99.1;Collège du Septentrion;Bray-Dunes;059;59107;Nord;Lille;51.07081620306653,2.5132403618887618
2023-2024;0590164H;public;86.9;Collège Jean Zay;Dunkerque;059;59183;Nord;Lille;51.019704052139566,2.338029756501514
2023-2024;0590224Y;public;104.3;Collège Jean-Baptiste Carpeaux;Valenciennes;059;59606;Nord;Lille;50.36055942062598,3.518971221639622
2023-2024;0592959W;privé sous contrat;113.6;Collège privé Saint Joseph;Comines;059;59152;Nord;Lille;50.7616047561587,3.004620284383206
2023-2024;0593182N;public;97.7;Collège Jules Ferry;Coudekerque-Branche;059;59155;Nord;Lille;51.0188532063078,2.3750902211911415
2023-2024;0593217B;privé sous contrat;99.6;Collège privé Charles Péguy;Tourcoing;059;59599;Nord;Lille;50.72016588541881,3.151410525301725
2023-2024;0593474F;public;109.8;Collège Professeur Albert Debeyre;Marquette-lez-Lille;059;59386;Nord;Lille;50.680405802996674,3.0678305726762205
2023-2024;0593991T;public;121.8;Collège Théodore Monod;Lesquin;059;59343;Nord;Lille;50.58997542740828,3.1108169574698388
2023-2024;0594301E;public;77.5;Collège Paul Eluard;Beuvrages;059;59079;Nord;Lille;50.38544700442605,3.500880459857708
2023-2024;0594304H;public;89.1;Collège Marie Curie;Saint-Amand-les-Eaux;059;59526;Nord;Lille;50.45062444729204,3.432100353409098
2023-2024;0595169Y;public;78.2;Collège Emile Zola;Wattrelos;059;59650;Nord;Lille;50.70685190477116,3.2315225356010413
2023-2024;0595382E;privé sous contrat;125.3;Collège privé Saint Jude;Armentières;059;59017;Nord;Lille;50.688057701204606,2.8745904581322375
2023-2024;0595399Y;privé sous contrat;105.9;Collège privé Notre-Dame de Grâce;Maubeuge;059;59392;Nord;Lille;50.276791021567234,3.9759099873260664
2023-2024;0596177U;privé sous contrat;108.4;Collège privé Sainte Claire;Lille;059;59350;Nord;Lille;50.63445759446208,3.06902154747252
2023-2024;0597004T;public;79.3;Collège Miriam Makeba;Lille;059;59350;Nord;Lille;50.61837243885932,3.064760509722426
2023-2024;0620082C;public;90.2;Collège Monsigny;Fauquembergues;062;62325;Pas-de-Calais;Lille;50.60166097882675,2.100550431011966
2023-2024;0620088J;public;86.3;Collège Les Quatre Vents;Guînes;062;62397;Pas-de-Calais;Lille;50.864755312754816,1.867720513867491
2023-2024;0622087G;public;80.6;Collège Blaise Pascal;Mazingarbe;062;62563;Pas-de-Calais;Lille;50.46164187069234,2.7194599930897345
2023-2024;0622268D;public;82.7;Collège Jean Moulin;Barlin;062;62083;Pas-de-Calais;Lille;50.4579458797513,2.622779628122749
2023-2024;0622428C;public;84.7;Collège Edmond Rostand;Bruay-la-Buissière;062;62178;Pas-de-Calais;Lille;50.487227461465054,2.5555504164428298
2023-2024;0622867E;public;94.0;Collège Antoine de Saint-Exupéry;Douvrin;062;62276;Pas-de-Calais;Lille;50.50840485922295,2.8409710420355943
2023-2024;0623865P;public;110.0;Collège Louis Blériot;Sangatte;062;62774;Pas-de-Calais;Lille;50.956178611815155,1.8170695183429149
2023-2024;0590002G;public;82.0;Collège Théodore Monod;Aniche;059;59008;Nord;Lille;50.33181566173207,3.247760687010971
2023-2024;0592917A;privé sous contrat;150.1;Collège privé Jeanne d'Arc;Roubaix;059;59512;Nord;Lille;50.678182975936785,3.167429374984203
2023-2024;0592960X;privé sous contrat;134.2;Collège privé Notre-Dame;Cysoing;059;59168;Nord;Lille;50.569808666277225,3.215230309475054
2023-2024;0594386X;public;104.5;Collège Le Parc;Haubourdin;059;59286;Nord;Lille;50.61483502539845,2.976610619776166
2023-2024;0595166V;public;124.8;Collège Hergé;Gondecourt;059;59266;Nord;Lille;50.54306193496924,2.9760594502681053
2023-2024;0595190W;public;75.6;Collège Gayant;Douai;059;59178;Nord;Lille;50.40191279499383,3.124549464711073
2023-2024;0595302T;privé sous contrat;92.0;Collège privé Saint-Exupéry;Roubaix;059;59512;Nord;Lille;50.684564996260974,3.167460562765493
2023-2024;0620079Z;public;79.2;Collège Henri Wallon;Divion;062;62270;Pas-de-Calais;Lille;50.47042647481198,2.4967699897743376
2023-2024;0620104B;public;93.3;Collège Gabriel de La Gorce;Hucqueliers;062;62463;Pas-de-Calais;Lille;50.57063043455061,1.9052804919735513
2023-2024;0620130E;public;93.4;Collège des Marches de l'Artois;Marquion;062;62559;Pas-de-Calais;Lille;50.20925634002819,3.0846299930795484
2023-2024;0620165T;public;99.3;Collège de l'Esplanade;Saint-Omer;062;62765;Pas-de-Calais;Lille;50.75259992362606,2.2467630129949914
2023-2024;0622095R;public;79.1;Collège Jean Moulin;Le Portel;062;62667;Pas-de-Calais;Lille;50.70825662279591,1.5844998448274454
2023-2024;0622100W;privé sous contrat;117.2;Collège privé Sainte Marie;Aire-sur-la-Lys;062;62014;Pas-de-Calais;Lille;50.63987492080987,2.3986006385933534
2023-2024;0622121U;privé sous contrat;111.5;Collège privé Saint Louis;Saint-Pol-sur-Ternoise;062;62767;Pas-de-Calais;Lille;50.38038661655527,2.3377303699610135
2023-2024;0622125Y;privé sous contrat;134.1;Collège privé Les Louez Dieu;Anzin-Saint-Aubin;062;62037;Pas-de-Calais;Lille;50.31376101578666,2.753930423050152
2023-2024;0622140P;privé sous contrat;121.6;Collège privé Sainte Jeanne d'Arc;Laventie;062;62491;Pas-de-Calais;Lille;50.6276120072444,2.772460279758551
2023-2024;0622261W;public;79.0;Collège Pierre Cuallacci;Frévent;062;62361;Pas-de-Calais;Lille;50.27639042933437,2.2847005068762374
2023-2024;0623312N;public;90.7;Collège René Cassin;Lillers;062;62516;Pas-de-Calais;Lille;50.55895892470479,2.471610200879648
2023-2024;0623919Y;public;86.3;Collège Léonard de Vinci;Carvin;062;62215;Pas-de-Calais;Lille;50.4968304789591,2.9759097447360388
2023-2024;0590091D;public;89.4;Collège Lili Keller-Rosenberg;Halluin;059;59279;Nord;Lille;50.77419348507758,3.1283265476621334
2023-2024;0590107W;public;98.7;Collège Jean Moulin;Iwuy;059;59322;Nord;Lille;50.23296688119976,3.327169411828922
2023-2024;0622117P;privé sous contrat;130.2;Collège privé Sainte Austreberthe;Montreuil-sur-Mer;062;62588;Pas-de-Calais;Lille;50.463671602004325,1.7655622957323893
2023-2024;0622578R;public;93.1;Collège Jean Rostand;Sains-en-Gohelle;062;62737;Pas-de-Calais;Lille;50.444295459961204,2.6823894284960037
2023-2024;0623310L;public;97.8;Collège Gambetta;Arras;062;62041;Pas-de-Calais;Lille;50.28838885743881,2.7762496929984435
2023-2024;0624343J;privé sous contrat;116.3;Collège privé Saint Vincent;Arras;062;62041;Pas-de-Calais;Lille;50.29440608237028,2.766420307606159
2023-2024;0590151U;public;87.9;Collège Ernest Coutelle;Maubeuge;059;59392;Nord;Lille;50.27794947812394,3.971009768841562
2023-2024;0590155Y;public;100.5;Collège Descartes;Mons-en-Baroeul;059;59410;Nord;Lille;50.6356690520175,3.1070795554789647
2023-2024;0590190L;public;64.4;Collège Jean-Baptiste Lebas;Roubaix;059;59512;Nord;Lille;50.68101814010843,3.1830697839593847
2023-2024;0592895B;privé sous contrat;131.0;Collège privé Sainte Marie;Linselles;059;59352;Nord;Lille;50.73996706399982,3.0778406675862393
2023-2024;0592911U;privé sous contrat;109.9;Collège privé Saint Joseph;Saint-André-lez-Lille;059;59527;Nord;Lille;50.662617705826136,3.0537598214329
2023-2024;0593127D;privé sous contrat;108.3;Collège privé La Sagesse;Haubourdin;059;59286;Nord;Lille;50.61190203245722,2.9760125456062783
2023-2024;0593150D;privé sous contrat;82.9;Collège privé Saint Gabriel;Tourcoing;059;59599;Nord;Lille;50.73312731855424,3.1785703614570733
2023-2024;0593674Y;public;87.4;Collège Alphonse Terroir;Marly;059;59383;Nord;Lille;50.343291800603275,3.5552895760918646
2023-2024;0594168K;public;87.2;Collège Jean Zay;Feignies;059;59225;Nord;Lille;50.29266344220489,3.9204097660583948
2023-2024;0594648G;public;95.6;Collège Antoine de Saint-Exupéry;Solesmes;059;59571;Nord;Lille;50.19206460229412,3.497060079399007
2023-2024;0596716E;public;84.8;Collège Arthur Van Hecke;Dunkerque;059;59183;Nord;Lille;51.03982924030353,2.387079848956808
2023-2024;0620047P;public;107.2;Collège Germinal;Biache-Saint-Vaast;062;62128;Pas-de-Calais;Lille;50.314186408645455,2.9411297719377694
2023-2024;0622422W;public;85.7;Collège Jean-Jacques Rousseau;Avion;062;62065;Pas-de-Calais;Lille;50.40449324585825,2.825990625524639
2023-2024;0622946R;public;89.9;Collège Joliot-Curie;Auchy-les-Mines;062;62051;Pas-de-Calais;Lille;50.51788963605935,2.7882000779325455
2023-2024;0623023Z;public;92.7;Collège du Caraquet;Desvres;062;62268;Pas-de-Calais;Lille;50.66775545426103,1.8275193451698724
2023-2024;0623572W;privé sous contrat;133.6;Collège privé La Malassise;Longuenesse;062;62525;Pas-de-Calais;Lille;50.73675598497991,2.243659848691866
2023-2024;0623918X;public;74.0;Collège Martin Luther King;Calais;062;62193;Pas-de-Calais;Lille;50.954023876546394,1.8869197286561832
2023-2024;0590068D;public;87.3;Collège Jules Ferry;Douai;059;59178;Nord;Lille;50.38175061469219,3.0610115023258024
2023-2024;0590183D;public;67.4;Collège Madame de Sévigné;Roubaix;059;59512;Nord;Lille;50.693177620016684,3.164919554423088
2023-2024;0593132J;privé sous contrat;97.1;Collège privé Sainte Bernadette;Jeumont;059;59324;Nord;Lille;50.295646416314426,4.103789326111633
2023-2024;0593235W;public;90.9;Collège Boris Vian;Lille;059;59350;Nord;Lille;50.63132395149781,3.094625337133136
2023-2024;0594505B;privé sous contrat;119.0;Collège privé Saint Martin;Nieppe;059;59431;Nord;Lille;50.69853262090489,2.8467205504689828
2023-2024;0594833H;privé sous contrat;111.3;Collège privé Saint Joseph;Neuville-en-Ferrain;059;59426;Nord;Lille;50.750649636366525,3.1550201614689817
2023-2024;0594881K;public;86.5;Collège Martha Desrumaux;Lille;059;59350;Nord;Lille;50.63901029289493,3.084840391287406
2023-2024;0595178H;public;94.9;Collège Dupleix;Landrecies;059;59331;Nord;Lille;50.12237464869933,3.6866104835807536
2023-2024;0595387K;privé sous contrat;127.4;Collège privé Saint Jean;Douai;059;59178;Nord;Lille;50.36960965395435,3.0860735539934394
2023-2024;0595389M;privé sous contrat;125.7;Collège privé Notre-Dame des Dunes;Dunkerque;059;59183;Nord;Lille;51.033225295478196,2.382859747635268
2023-2024;0595401A;privé sous contrat;124.6;Collège privé Saint Michel;Solesmes;059;59571;Nord;Lille;50.183902629394524,3.503680581319679
2023-2024;0596988A;public;104.8;Collège Jeanne de Constantinople;Nieppe;059;59431;Nord;Lille;50.69509445056544,2.851530298837395
2023-2024;0620016F;public;109.3;Collège Jean Monnet;Aubigny-en-Artois;062;62045;Pas-de-Calais;Lille;50.35013583771473,2.5886699332955727
2023-2024;0622129C;privé sous contrat;123.7;Collège privé Sainte-Famille;Béthune;062;62119;Pas-de-Calais;Lille;50.52884968324221,2.6433533633627184
2023-2024;0622136K;privé sous contrat;104.8;Collège privé Saint Joseph;Etaples;062;62318;Pas-de-Calais;Lille;50.51382547224079,1.6417998303473476
2023-2024;0622272H;public;85.3;Collège Emile Zola;Marles-les-Mines;062;62555;Pas-de-Calais;Lille;50.50446731136025,2.501379879246545
2023-2024;0622434J;public;88.5;Collège Roger Salengro;Saint-Martin-Boulogne;062;62758;Pas-de-Calais;Lille;50.727617613334296,1.6306095845429613
2023-2024;0622864B;public;101.2;Collège François Mitterrand;Arras;062;62041;Pas-de-Calais;Lille;50.27517239207419,2.7891502807308513
2023-2024;0592962Z;privé sous contrat;91.5;Collège privé Jean Paul II;Denain;059;59172;Nord;Lille;50.32233907825513,3.3820998025813425
2023-2024;0593149C;privé sous contrat;97.1;Collège privé Charles de Foucauld;Tourcoing;059;59599;Nord;Lille;50.72559677272824,3.1338694302671253
2023-2024;0593178J;public;72.9;Collège François Rabelais;Mons-en-Baroeul;059;59410;Nord;Lille;50.641728868012265,3.1175204647683668
2023-2024;0593662K;public;92.5;Collège Jean Demailly;Seclin;059;59560;Nord;Lille;50.54374997635936,3.0148797683903457
2023-2024;0593683H;public;96.7;Collège Jacques Prévert;Masnières;059;59389;Nord;Lille;50.11479324281707,3.2157101483116572
2023-2024;0594636U;public;101.2;Collège Maxime Deyts;Bailleul;059;59043;Nord;Lille;50.74278770807799,2.736630496038372
2023-2024;0594640Y;public;82.4;Collège Jean Jaurès;Bourbourg;059;59094;Nord;Lille;50.94458059613789,2.2003199174355488
2023-2024;0595176F;public;87.7;Collège Renaud-Barrault;Avesnelles;059;59035;Nord;Lille;50.11845078112309,3.9406493271130003
2023-2024;0595277R;public;78.6;Collège Jacques Prévert;Caudry;059;59139;Nord;Lille;50.12524217659558,3.421170555940896
2023-2024;0595384G;privé sous contrat;107.7;Collège privé Sainte Thérèse;Avesnes-sur-Helpe;059;59036;Nord;Lille;50.12256401280106,3.932669364855354
2023-2024;0620014D;public;96.2;Collège Denis Diderot;Dainville;062;62263;Pas-de-Calais;Lille;50.291402801437386,2.7308006576561676
2023-2024;0620021L;public;76.0;Collège Sévigné;Auchel;062;62048;Pas-de-Calais;Lille;50.50657276230646,2.4645395665443663
2023-2024;0620195A;public;96.1;Collège Bernard Chochoy;Norrent-Fontes;062;62620;Pas-de-Calais;Lille;50.5853491351186,2.407876354791568
2023-2024;0622083C;public;113.6;Collège Jehan Bodel;Arras;062;62041;Pas-de-Calais;Lille;50.288241617039034,2.7694352093198478
2023-2024;0590142J;public;112.6;Collège Marguerite Yourcenar;Marchiennes;059;59375;Nord;Lille;50.40570807072044,3.287370497251291
2023-2024;0592924H;privé sous contrat;109.4;Collège privé Notre-Dame de L'Assomption;Bavay;059;59053;Nord;Lille;50.29775936616095,3.7931281724438533
2023-2024;0592946G;privé sous contrat;103.0;Collège privé Saint Charles;Armentières;059;59017;Nord;Lille;50.68419111384052,2.883004380061855
2023-2024;0593233U;public;95.3;Collège Professeur Albert Debeyre;Loos;059;59360;Nord;Lille;50.61198061344932,3.0212300656807765
2023-2024;0593244F;public;82.0;Collège Philippe de Commynes;Comines;059;59152;Nord;Lille;50.75911346571574,3.0121371917609854
2023-2024;0593482P;public;83.5;Collège Frédéric Joliot-Curie;Lallaing;059;59327;Nord;Lille;50.38278261710616,3.1725305000597075
2023-2024;0594298B;public;99.9;Collège André Malraux;Lambres-lez-Douai;059;59329;Nord;Lille;50.354996614883795,3.0620302418370793
2023-2024;0594634S;public;72.9;Collège Théodore Monod;Roubaix;059;59512;Nord;Lille;50.67211691461054,3.1825896596418874
2023-2024;0594866U;public;131.1;Collège Françoise Dolto;Pont-à-Marcq;059;59466;Nord;Lille;50.519627270223545,3.112430368530551
2023-2024;0620136L;public;90.1;Collège Maurice Piquet;Isbergues;062;62473;Pas-de-Calais;Lille;50.61322684479989,2.4582884219253707
2023-2024;0620156H;public;99.1;Collège du Bellimont;Pernes;062;62652;Pas-de-Calais;Lille;50.48868559827195,2.404010648847953
2023-2024;0622427B;public;113.9;Collège du Pays de L'Alloeu;Laventie;062;62491;Pas-de-Calais;Lille;50.62531607769132,2.7703600810577025
2023-2024;0622907Y;public;76.2;Collège de La Morinie;Saint-Omer;062;62765;Pas-de-Calais;Lille;50.74773575087692,2.26844997765505
2023-2024;0590090C;public;91.4;Collège Pierre et Marie Curie;Gravelines;059;59273;Nord;Lille;50.98688621410387,2.137089920170622
2023-2024;0590159C;public;114.7;Collège du Pévèle;Orchies;059;59449;Nord;Lille;50.47035688880419,3.2396793057798456
2023-2024;0592715F;public;105.6;Collège Charles Eisen;Valenciennes;059;59606;Nord;Lille;50.365060906353754,3.5320595657419096
2023-2024;0622130D;privé sous contrat;107.3;Collège privé Saint Joseph de Navarin;Boulogne-sur-Mer;062;62160;Pas-de-Calais;Lille;50.726886411214906,1.6081500065715317
2023-2024;0622135J;privé sous contrat;105.4;Collège privé Saint Joseph;Desvres;062;62268;Pas-de-Calais;Lille;50.66807707757369,1.835569725493247
2023-2024;0622239X;public;83.9;Collège Jean de Saint Aubert;Libercourt;062;62907;Pas-de-Calais;Lille;50.4816324638282,3.0160628283621755
2023-2024;0622874M;public;85.3;Collège René Cassin;Wizernes;062;62902;Pas-de-Calais;Lille;50.71584944339516,2.231910192482097
2023-2024;0593144X;privé sous contrat;116.8;Collège privé Sainte Anne;Sebourg;059;59559;Nord;Lille;50.3441221086375,3.643660302490088
2023-2024;0593241C;public;105.3;Collège Albert Calmette;Wasquehal;059;59646;Nord;Lille;50.668835311606735,3.126159309653126
2023-2024;0593252P;public;84.6;Collège Léo Lagrange;Fourmies;059;59249;Nord;Lille;50.021085726859674,4.050690661024452
2023-2024;0593660H;public;78.7;Collège René Descartes;Loos;059;59360;Nord;Lille;50.60889499400215,3.006710500148804
2023-2024;0594309N;public;71.4;Collège Pierre de Ronsard;Hautmont;059;59291;Nord;Lille;50.253684615272356,3.901209519412997
2023-2024;0595337F;public;80.3;Collège Jean Rostand;Le Cateau-Cambrésis;059;59136;Nord;Lille;50.099125633511356,3.5324106161619833
2023-2024;0595713P;public;110.9;Collège Alphonse Daudet;Leers;059;59339;Nord;Lille;50.676100977377324,3.2402496086964256
2023-2024;0595757M;public;92.1;Collège Henri Durez;Estaires;059;59212;Nord;Lille;50.6429942905723,2.7055896378076194
2023-2024;0592907P;privé sous contrat;77.9;Collège privé Saint Michel;Roubaix;059;59512;Nord;Lille;50.67861036143357,3.1914996410208842
2023-2024;0592930P;privé sous contrat;120.4;Collège privé Immaculée Conception;Bailleul;059;59043;Nord;Lille;50.739086043548625,2.7297706785714615
2023-2024;0593237Y;public;96.1;Collège Gernez Rieux;Ronchin;059;59507;Nord;Lille;50.59900639074089,3.091456659932265
2023-2024;0593494C;public;88.1;Collège Boris Vian;Coudekerque-Branche;059;59155;Nord;Lille;51.01693601648694,2.3900903125484936
2023-2024;0594402P;public;73.5;Collège André Canivez;Douai;059;59178;Nord;Lille;50.38556769775681,3.0743805506245514
2023-2024;0594643B;public;99.6;Collège du Houtland;Wormhout;059;59663;Nord;Lille;50.88394918679232,2.464759659200426
2023-2024;0594645D;public;99.7;Collège Jean-Jacques Rousseau;Thiant;059;59589;Nord;Lille;50.30456341813654,3.459229398720995
2023-2024;0594650J;public;95.1;Collège Jacques Prévert;Watten;059;59647;Nord;Lille;50.838715852774484,2.2165805925832007
2023-2024;0595398X;privé sous contrat;151.5;Collège privé de Marcq;Marcq-en-Baroeul;059;59378;Nord;Lille;50.68036495467745,3.106810557103804
2023-2024;0622134H;privé sous contrat;123.7;Collège privé Saint Druon;Carvin;062;62215;Pas-de-Calais;Lille;50.49423564298234,2.9566696044868994
2023-2024;0622943M;public;82.8;Collège Adulphe Delegorgue;Courcelles-lès-Lens;062;62249;Pas-de-Calais;Lille;50.41517287550865,3.0152801884425764
2023-2024;0622951W;public;99.9;Collège du Bras d'Or;Montreuil-sur-Mer;062;62588;Pas-de-Calais;Lille;50.45543110428306,1.7575896262443562
2023-2024;0623014P;public;97.9;Collège Paul Verlaine;Saint-Nicolas;062;62764;Pas-de-Calais;Lille;50.3067041643579,2.794759744288523
2023-2024;0623016S;public;87.8;Collège Pierre Brossolette;Noyelles-sous-Lens;062;62628;Pas-de-Calais;Lille;50.427765150252554,2.8737593658479215
2023-2024;0623759Z;public;98.6;Collège Les Argousiers;Oye-Plage;062;62645;Pas-de-Calais;Lille;50.976031340984115,2.0423998218835915
2023-2024;0590057S;public;125.8;Collège Paul Eluard;Cysoing;059;59168;Nord;Lille;50.571517624370635,3.214139764921509
2023-2024;0590103S;public;91.8;Collège Fernande Benoist;Hazebrouck;059;59295;Nord;Lille;50.717482139224366,2.529540189704659
2023-2024;0590179Z;public;106.6;Collège Paul Machy;Dunkerque;059;59183;Nord;Lille;51.03944431720388,2.4071702281218306
2023-2024;0592751V;public;78.0;Collège Félicien Joly;Escaudain;059;59205;Nord;Lille;50.33786460186301,3.3574295054584917
2023-2024;0593155J;privé sous contrat;119.3;Collège privé Saint Jean-Baptiste de La Salle;Valenciennes;059;59606;Nord;Lille;50.35460596601691,3.5140701106417165
2023-2024;0593177H;public;85.3;Collège Jean Zay;Lille;059;59350;Nord;Lille;50.64774962781398,2.9855001431691313
2023-2024;0593254S;public;67.9;Collège Jules Verne;Maubeuge;059;59392;Nord;Lille;50.290125601829985,3.9636805802247674
2023-2024;0593681F;public;87.8;Collège Lavoisier;Ferrière-la-Grande;059;59230;Nord;Lille;50.258989316415864,4.005229832364161
2023-2024;0594538M;public;87.1;Collège Jean Rostand;Sains-du-Nord;059;59525;Nord;Lille;50.095158322880415,4.006865513112936
2023-2024;0595595L;public;96.9;Collège du Looweg;Crochte;059;59162;Nord;Lille;50.93290859933239,2.3862994981216272
2023-2024;0596873A;public;131.6;Collège Simone Veil;Cappelle-en-Pévèle;059;59129;Nord;Lille;50.51335728894572,3.1655495272417715
2023-2024;0590200X;public;83.0;Collège Robespierre;Dunkerque;059;59183;Nord;Lille;51.03061093896889,2.351990212137265
2023-2024;0592905M;privé sous contrat;84.5;Collège privé Sainte Marie;Roubaix;059;59512;Nord;Lille;50.69627919052339,3.176438601810453
2023-2024;0593134L;privé sous contrat;134.1;Collège privé Dominique Savio;Lambersart;059;59328;Nord;Lille;50.65255662403136,3.0230893479435217
2023-2024;0593152F;privé sous contrat;82.8;Collège privé Cardinal Liénart;Tourcoing;059;59599;Nord;Lille;50.728557164837596,3.1560403988608905
2023-2024;0593196D;public;103.6;Collège Arthur Rimbaud;Villeneuve-d'Ascq;059;59009;Nord;Lille;50.61876767819437,3.1561295928053
2023-2024;0593476H;public;111.4;Collège Jean Mermoz;Faches-Thumesnil;059;59220;Nord;Lille;50.59610598148052,3.0720398652486036
2023-2024;0593487V;public;89.0;Collège Jules Ferry;Cambrai;059;59122;Nord;Lille;50.17396793599496,3.225749719228612
2023-2024;0594523W;public;103.3;Collège Guy Mollet;Lille;059;59350;Nord;Lille;50.64140987868975,2.9903228887018427
2023-2024;0594524X;public;75.5;Collège Jean Moulin;Wattignies;059;59648;Nord;Lille;50.59193523772984,3.045949585843362
2023-2024;0594872A;public;105.2;Collège Robert Le Frison;Cassel;059;59135;Nord;Lille;50.800651058912344,2.4865096325092093
2023-2024;0594879H;public;84.1;Collège Joliot-Curie;Fourmies;059;59249;Nord;Lille;50.01822260004242,4.06094930878839
2023-2024;0595400Z;privé sous contrat;130.7;Collège privé Notre-Dame des Anges;Saint-Amand-les-Eaux;059;59526;Nord;Lille;50.449108880442374,3.425189960211995
2023-2024;0596529B;public;88.8;Collège Maurice Schumann;Pecquencourt;059;59456;Nord;Lille;50.375061829305764,3.2054296343625706
2023-2024;0596694F;public;86.9;Collège Félix del Marle;Aulnoye-Aymeries;059;59033;Nord;Lille;50.19848109922283,3.834749442751117
2023-2024;0620097U;public;92.6;Collège Romain Rolland;Hersin-Coupigny;062;62443;Pas-de-Calais;Lille;50.44641614050594,2.6433404163683143
2023-2024;0622799F;public;81.9;Collège Léo Lagrange;Lillers;062;62516;Pas-de-Calais;Lille;50.567034279137644,2.4807895586763813
2023-2024;0623574Y;privé sous contrat;114.8;Collège privé Notre-Dame de Sion;Saint-Omer;062;62765;Pas-de-Calais;Lille;50.75402602776089,2.2559104276682307
2023-2024;0590062X;public;73.8;Collège Villars;Denain;059;59172;Nord;Lille;50.322759863935794,3.395299511847835
2023-2024;0590271Z;public;81.3;Collège Paul Verlaine;Lille;059;59350;Nord;Lille;50.61075822667113,3.070130015934418
2023-2024;0592634T;public;82.2;Collège Antoine de Saint-Exupéry;Hautmont;059;59291;Nord;Lille;50.24532696812899,3.909300273180787
2023-2024;0592955S;privé sous contrat;113.5;Collège privé Notre-Dame;Bourbourg;059;59094;Nord;Lille;50.94529542015906,2.194851615851072
2023-2024;0593246H;public;84.0;Collège Desrousseaux;Armentières;059;59017;Nord;Lille;50.68857024739166,2.89093017010974
2023-2024;0593676A;public;93.0;Collège Paul Langevin;Avesnes-les-Aubert;059;59037;Nord;Lille;50.1954870718211,3.3913202852027626
2023-2024;0593680E;public;66.3;Collège Joséphine Baker;Valenciennes;059;59606;Nord;Lille;50.355747136749194,3.5038220362532377
2023-2024;0594287P;public;112.5;Collège Rouges Barres;Marcq-en-Baroeul;059;59378;Nord;Lille;50.65706606446519,3.0948799749375424
2023-2024;0594291U;public;118.1;Collège Molière;Villeneuve-d'Ascq;059;59009;Nord;Lille;50.65812261218345,3.146320362761172
2023-2024;0594297A;public;80.3;Collège Victor Hugo;Auby;059;59028;Nord;Lille;50.412707862648475,3.0535806066000877
2023-2024;0594638W;public;98.3;Collège Roger Salengro;Houplines;059;59317;Nord;Lille;50.6874893834522,2.9184296508224232
2023-2024;0595286A;privé sous contrat;153.0;Collège privé Saint Paul;Lille;059;59350;Nord;Lille;50.63367071062751,3.0499598984055405
2023-2024;0595402B;privé sous contrat;126.3;Collège privé Notre-Dame;Saint-Saulve;059;59544;Nord;Lille;50.37595904877808,3.553120400680678
2023-2024;0595596M;public;87.5;Collège Jean Rostand;Loon-Plage;059;59359;Nord;Lille;50.99319077559097,2.225009650069569
2023-2024;0620197C;public;92.1;Collège Anita Conti;Bully-les-Mines;062;62186;Pas-de-Calais;Lille;50.43669738917831,2.724259575121028
2023-2024;0622273J;public;68.3;Collège Lucien Vadez;Calais;062;62193;Pas-de-Calais;Lille;50.954987926866636,1.8989393922124258
2023-2024;0622425Z;public;86.6;Collège Paul Verlaine;Béthune;062;62119;Pas-de-Calais;Lille;50.515728942107174,2.6302301996805917
2023-2024;0622435K;public;89.9;Collège Belrem;Beaurainville;062;62100;Pas-de-Calais;Lille;50.42293790027999,1.8974193748602202
2023-2024;0622793Z;public;82.8;Collège David Marcelle;Billy-Montigny;062;62133;Pas-de-Calais;Lille;50.41608045486609,2.921099632581262
2023-2024;0623315S;public;85.2;Collège Les Dentelliers;Calais;062;62193;Pas-de-Calais;Lille;50.941880612712886,1.8585395899923165
2023-2024;0590006L;public;75.9;Collège Les Rochambelles;Anzin;059;59014;Nord;Lille;50.37346121465078,3.5010114530765613
2023-2024;0590031N;public;76.2;Collège Jean Macé;Bruay-sur-l'Escaut;059;59112;Nord;Lille;50.399192131331574,3.545290512818122
2023-2024;0592933T;privé sous contrat;121.7;Collège privé Saint Winoc;Bergues;059;59067;Nord;Lille;50.96742445544726,2.434499744658322
2023-2024;0593185S;public;73.2;Collège Anatole France;Sin-le-Noble;059;59569;Nord;Lille;50.361329331555964,3.114949443162363
2023-2024;0593239A;public;97.5;Collège Boris Vian;Croix;059;59163;Nord;Lille;50.68344141187111,3.14996066957436
2023-2024;0593240B;public;91.6;Collège Gambetta;Lys-lez-Lannoy;059;59367;Nord;Lille;50.67870670141196,3.2154206179818767
2023-2024;0593479L;public;102.1;Collège Wenceslas Cobergher;Bergues;059;59067;Nord;Lille;50.96659100576805,2.4322903561075293
2023-2024;0593488W;public;89.5;Collège Lamartine;Cambrai;059;59122;Nord;Lille;50.158508690819055,3.263580630801944
2023-2024;0594299C;public;68.5;Collège Turgot;Denain;059;59172;Nord;Lille;50.33072586542027,3.3954403591508777
2023-2024;0594410Y;public;102.9;Collège Fernig;Mortagne-du-Nord;059;59418;Nord;Lille;50.49682643022259,3.4521995558918843
2023-2024;0594411Z;public;109.1;Collège Moulin Blanc;Saint-Amand-les-Eaux;059;59526;Nord;Lille;50.44207143219327,3.40937958634235
2023-2024;0594527A;public;100.1;Collège Maxence Van Der Meersch;Mouvaux;059;59421;Nord;Lille;50.70491642489152,3.131188745143633
2023-2024;0620096T;public;82.4;Collège Jean Macé;Hénin-Beaumont;062;62427;Pas-de-Calais;Lille;50.41155165553044,2.938790907188865
2023-2024;0622420U;public;75.0;Collège Paul Langevin;Avion;062;62065;Pas-de-Calais;Lille;50.39828810131777,2.838520306506523
2023-2024;0622424Y;public;75.9;Collège Langevin-Wallon;Grenay;062;62386;Pas-de-Calais;Lille;50.45108347226466,2.7378298991850905
2023-2024;0622431F;public;81.6;Collège République;Calais;062;62193;Pas-de-Calais;Lille;50.951299839408264,1.8587103081231955
2023-2024;0622576N;public;66.4;Collège Vauban;Calais;062;62193;Pas-de-Calais;Lille;50.94828933426335,1.8331704068499097
2023-2024;0590087Z;public;97.1;Collège Pharamond Savary;Gouzeaucourt;059;59269;Nord;Lille;50.05717546786334,3.1281674339819734
2023-2024;0592899F;privé sous contrat;107.2;Collège privé Saint Robert;Merville;059;59400;Nord;Lille;50.64256827138436,2.6418202554603893
2023-2024;0592950L;privé sous contrat;117.5;Collège privé Notre-Dame;La Bassée;059;59051;Nord;Lille;50.531791012819646,2.800499988934632
2023-2024;0622096S;public;96.0;Collège Jean Rostand;Marquise;062;62560;Pas-de-Calais;Lille;50.817259140200996,1.7126997626864189
2023-2024;0622123W;privé sous contrat;102.7;Collège privé Notre-Dame de Grâce;Ardres;062;62038;Pas-de-Calais;Lille;50.852534299793454,1.9780544837060388
2023-2024;0622299M;public;104.6;Collège Pilâtre de Rozier;Wimille;062;62894;Pas-de-Calais;Lille;50.76618299919516,1.6189197376558497
2023-2024;0622581U;public;83.4;Collège Gérard Philipe;Hénin-Beaumont;062;62427;Pas-de-Calais;Lille;50.42149494047896,2.9431206699958947
2023-2024;0623569T;privé sous contrat;129.8;Collège privé Saint Vaast-Saint Dominique;Béthune;062;62119;Pas-de-Calais;Lille;50.533703979174014,2.641879712339206
2023-2024;0593143W;privé sous contrat;90.9;Collège privé Sacré-Coeur;Dunkerque;059;59183;Nord;Lille;51.029085472290284,2.34529961810546
2023-2024;0593226L;public;127.0;Collège Anne Frank;Lambersart;059;59328;Nord;Lille;50.6485074220452,3.028000828003354
2023-2024;0594303G;public;78.5;Collège Jehan Froissart;Quiévrechain;059;59484;Nord;Lille;50.40095515303546,3.657790588229318
2023-2024;0594409X;public;70.5;Collège Jean Zay;Escautpont;059;59207;Nord;Lille;50.42078147044804,3.5518399557173934
2023-2024;0595163S;public;101.8;Collège Lavoisier;Lambersart;059;59328;Nord;Lille;50.6425747235052,3.023230122382464
2023-2024;0595360F;privé sous contrat;141.9;Collège privé Sainte Marie;Beaucamps-Ligny;059;59056;Nord;Lille;50.60188630055761,2.918750518757317
2023-2024;0595656C;public;111.2;Collège Camille Claudel;Villeneuve-d'Ascq;059;59009;Nord;Lille;50.639299202164814,3.1589495398639804
2023-2024;0620024P;public;91.5;Collège du Bredenarde;Audruicq;062;62057;Pas-de-Calais;Lille;50.87715138021697,2.0697094187709673
2023-2024;0590088A;public;77.2;Collège Jules Verne;Grande-Synthe;059;59271;Nord;Lille;51.020127902647296,2.3046996668512616
2023-2024;0593181M;public;86.4;Collège Maxence Van Der Meersch;Cappelle-la-Grande;059;59131;Nord;Lille;50.99827512811122,2.3588498284131214
2023-2024;0593227M;public;117.3;Collège du Lazaro;Marcq-en-Baroeul;059;59378;Nord;Lille;50.67807490650264,3.0859402558333904
2023-2024;0593663L;public;72.8;Collège Jean Deconinck;Dunkerque;059;59183;Nord;Lille;51.02822808170235,2.331560244588171
2023-2024;0594389A;public;65.7;Collège Anne Frank;Roubaix;059;59512;Nord;Lille;50.6940448027289,3.1758006508446877
2023-2024;0594408W;public;74.4;Collège Germinal;Raismes;059;59491;Nord;Lille;50.3955694812591,3.4816293075127525
2023-2024;0594415D;public;94.1;Collège Gilles de Chin;Berlaimont;059;59068;Nord;Lille;50.2070353452752,3.8123904040858796
2023-2024;0595385H;privé sous contrat;142.1;Collège privé La Croix Blanche;Bondues;059;59090;Nord;Lille;50.71990834421268,3.109499868205024
2023-2024;0595396V;privé sous contrat;117.8;Collège privé La Salle;Lille;059;59350;Nord;Lille;50.62863139467977,3.0408093284103512
2023-2024;0596172N;public;99.9;Collège Henri Matisse;Linselles;059;59352;Nord;Lille;50.738450204911544,3.0866603103037034
2023-2024;0596860L;public;78.9;Collège Lucie Aubrac;Tourcoing;059;59599;Nord;Lille;50.73096722790286,3.1303902796289336
2023-2024;0620036C;public;85.8;Collège Jean Moulin;Berck;062;62108;Pas-de-Calais;Lille;50.400388718354385,1.5639800130381238
2023-2024;0620071R;public;97.2;Collège Jean-Jacques Rousseau;Carvin;062;62215;Pas-de-Calais;Lille;50.49201513899851,2.9457496897836766
2023-2024;0620119T;public;78.0;Collège Pierre et Marie Curie;Liévin;062;62510;Pas-de-Calais;Lille;50.43556699322092,2.7557494341030004
2023-2024;0622085E;public;93.9;Collège Paul Duez;Leforest;062;62497;Pas-de-Calais;Lille;50.43887615919263,3.054589523121761
2023-2024;0622139N;privé sous contrat;104.6;Collège privé Notre-Dame;Hesdin-la-Forêt;062;62447;Pas-de-Calais;Lille;50.37340413573063,2.0358785907462664
2023-2024;0622142S;privé sous contrat;106.5;Collège privé Notre-Dame;Lumbres;062;62534;Pas-de-Calais;Lille;50.70659507806732,2.1226204732822183
2023-2024;0622143T;privé sous contrat;116.0;Collège privé Saint Martin;Marquise;062;62560;Pas-de-Calais;Lille;50.812254344116965,1.7136896558823846
2023-2024;0622579S;public;106.3;Collège Jean Vilar;Angres;062;62032;Pas-de-Calais;Lille;50.41074383810004,2.7535600562013918
2023-2024;0622871J;public;88.5;Collège Jacques Prévert;Houdain;062;62457;Pas-de-Calais;Lille;50.46188878086681,2.5449694761045163
2023-2024;0622873L;public;100.3;Collège Boris Vian;Marck;062;62548;Pas-de-Calais;Lille;50.94314290988881,1.9515199637415732
2023-2024;0622950V;public;99.8;Collège Le Trion;Samer;062;62773;Pas-de-Calais;Lille;50.63854302372153,1.7492796446594412
2023-2024;0620180J;public;84.2;Collège Léon Blum;Wingles;062;62895;Pas-de-Calais;Lille;50.49557185372062,2.8643399654717037
2023-2024;0622082B;public;102.1;Collège Marie Curie;Arras;062;62041;Pas-de-Calais;Lille;50.28429765775309,2.784539757112145
2023-2024;0622093N;public;91.5;Collège Pierre Mendès France;Arques;062;62040;Pas-de-Calais;Lille;50.73703528790606,2.300609849590099
2023-2024;0622098U;public;84.5;Collège Emile Zola;Fouquières-lès-Lens;062;62351;Pas-de-Calais;Lille;50.4287649601296,2.918329570093103
2023-2024;0622575M;public;97.2;Collège Blaise Pascal;Longuenesse;062;62525;Pas-de-Calais;Lille;50.73867971356185,2.2561397443597024
2023-2024;0622791X;public;78.9;Collège Victor Hugo;Harnes;062;62413;Pas-de-Calais;Lille;50.45054798315641,2.901050524240089
2023-2024;0590109Y;public;70.6;Collège Eugène Thomas;Jeumont;059;59324;Nord;Lille;50.29315859345641,4.105949712670817
2023-2024;0590228C;public;90.8;Collège François Villon;Walincourt-Selvigny;059;59631;Nord;Lille;50.07482514571605,3.341450544534616
2023-2024;0590238N;public;79.7;Collège Romain Rolland;Waziers;059;59654;Nord;Lille;50.38602048362716,3.107990599187455
2023-2024;0592713D;public;106.7;Collège Guilleminot;Dunkerque;059;59183;Nord;Lille;51.03904196355942,2.3831006089342375
2023-2024;0593120W;privé sous contrat;102.2;Collège privé de La Salle;Coudekerque-Branche;059;59155;Nord;Lille;51.0241851393024,2.39382998679485
2023-2024;0593168Y;public;126.9;Collège international Carnot;Lille;059;59350;Nord;Lille;50.63974827214583,3.066700292621803
2023-2024;0593668S;public;102.7;Collège Paul Eluard;Roncq;059;59508;Nord;Lille;50.74973221349122,3.1268566285505814
2023-2024;0594362W;public;64.3;Collège Vauban;Maubeuge;059;59392;Nord;Lille;50.274459245680944,3.941730398498145
2023-2024;0594642A;public;86.3;Collège Lamartine;Hondschoote;059;59309;Nord;Lille;50.977990212987145,2.5813802735220897
2023-2024;0595328W;public;82.3;Collège Simone de Beauvoir;Villeneuve-d'Ascq;059;59009;Nord;Lille;50.62942944171095,3.130319950410022
2023-2024;0620073T;public;102.5;Collège Jean Monnet;Coulogne;062;62244;Pas-de-Calais;Lille;50.924161978079404,1.8838797192422772
2023-2024;0620085F;public;88.8;Collège Jacques Brel;Fruges;062;62364;Pas-de-Calais;Lille;50.516563612667106,2.1299198395232355
2023-2024;0622108E;privé sous contrat;119.4;Collège privé Saint François;Bouvigny-Boyeffles;062;62170;Pas-de-Calais;Lille;50.42062145251453,2.668040560751657
2023-2024;0622574L;public;90.4;Collège Albert Camus;Lumbres;062;62534;Pas-de-Calais;Lille;50.70561462940704,2.1146998548882547
2023-2024;0623018U;public;85.3;Collège Louis Pasteur;Oignies;062;62637;Pas-de-Calais;Lille;50.47531115423204,2.9906698743988436
2023-2024;0592886S;privé sous contrat;77.5;Collège privé Pascal;Roubaix;059;59512;Nord;Lille;50.68954712102181,3.175910611533584
2023-2024;0592901H;privé sous contrat;121.2;Collège privé Sainte Marie;Pérenchies;059;59457;Nord;Lille;50.66847009944456,2.9771094874562762
2023-2024;0622115M;privé sous contrat;116.4;Collège privé Sainte Ide;Lens;062;62498;Pas-de-Calais;Lille;50.43478627342726,2.8311300105405945
2023-2024;0622432G;public;98.7;Collège Jean Macé;Calais;062;62193;Pas-de-Calais;Lille;50.9570611204092,1.8535390393491435
2023-2024;0593131H;privé sous contrat;103.6;Collège privé Saint Joseph;Lille;059;59350;Nord;Lille;50.62928989778109,3.107342498302463
2023-2024;0593125B;privé sous contrat;101.8;Collège privé Sacré-Coeur;Halluin;059;59279;Nord;Lille;50.782033591394054,3.122910706210094
2023-2024;0593157L;privé sous contrat;105.8;Collège privé Saint Joseph;Villers-Outréaux;059;59624;Nord;Lille;50.03086396515955,3.2999401504721155
2023-2024;0593180L;public;101.8;Collège Antoine de Saint-Exupéry;Lille;059;59350;Nord;Lille;50.628730431452865,3.1185919783385483
2023-2024;0593483R;public;87.9;Collège Robert Desnos;Masny;059;59390;Nord;Lille;50.342317608166105,3.200689310892901
2023-2024;0593664M;public;72.1;Collège Lucie Aubrac;Dunkerque;059;59183;Nord;Lille;51.02151982236385,2.3566876381128563
2023-2024;0594534H;public;88.9;Collège Paul Langevin;Trith-Saint-Léger;059;59603;Nord;Lille;50.33329774288732,3.4823600112733906
2023-2024;0594537L;public;107.0;Collège Jules Verne;Neuville-en-Ferrain;059;59426;Nord;Lille;50.74748021155926,3.1643105640649147
2023-2024;0595171A;public;111.4;Collège Albert Chatelet;Douai;059;59178;Nord;Lille;50.37386901137226,3.0855501786094375
2023-2024;0620199E;public;88.4;Collège Pierre Daunou;Boulogne-sur-Mer;062;62160;Pas-de-Calais;Lille;50.718521027312086,1.6098101033211176
2023-2024;0622090K;public;90.1;Collège Albert Debeyre;Beuvry;062;62126;Pas-de-Calais;Lille;50.51889991403288,2.6661803974822464
2023-2024;0590206D;public;93.0;Collège du Solrézis;Solre-le-Château;059;59572;Nord;Lille;50.1724226574321,4.094559853312446
2023-2024;0592714E;public;69.8;Collège Mendès France;Tourcoing;059;59599;Nord;Lille;50.736039039559365,3.1894893121105476
2023-2024;0592889V;privé sous contrat;136.3;Collège privé Charlemagne;Lesquin;059;59343;Nord;Lille;50.58895043145214,3.116759838764182
2023-2024;0593160P;privé sous contrat;106.7;Collège privé Saint Joseph - La Salle;Wattrelos;059;59650;Nord;Lille;50.70154344552214,3.218529762632989
2023-2024;0593992U;public;109.2;Collège Antoine de Saint-Exupéry;Steenvoorde;059;59580;Nord;Lille;50.80848584339924,2.5891693415535046
2023-2024;0594288R;public;69.4;Collège Louise Michel;Lille;059;59350;Nord;Lille;50.60615198731221,3.0462601560354328
2023-2024;0594300D;public;70.6;Collège Bayard;Denain;059;59172;Nord;Lille;50.3360867240659,3.382930373268679
2023-2024;0594398K;public;83.8;Collège Anne Frank;Grande-Synthe;059;59271;Nord;Lille;51.01181210067035,2.284900276405925
2023-2024;0594644C;public;94.3;Collège Lavoisier;Saint-Saulve;059;59544;Nord;Lille;50.364495736345354,3.55778945950352
2023-2024;0595597N;public;116.6;Collège Voltaire;Wattignies;059;59648;Nord;Lille;50.58102608017054,3.0439605651858455
2023-2024;0595630Z;privé sous contrat;105.2;Collège privé Saint Paul;Hem;059;59299;Nord;Lille;50.66926504570404,3.184409315166172
2023-2024;0595758N;public;101.1;Collège Etienne Dolet;Provin;059;59477;Nord;Lille;50.52137082566311,2.899600556595615
2023-2024;0620031X;public;88.9;Collège Carlin Legrand;Bapaume;062;62080;Pas-de-Calais;Lille;50.10357490025015,2.8534305851452544
2023-2024;0620170Y;public;74.7;Collège Joséphine Baker;Sallaumines;062;62771;Pas-de-Calais;Lille;50.413317684274226,2.862969385858147
2023-2024;0620219B;public;75.9;Collège Danielle Darras Riaumont;Liévin;062;62510;Pas-de-Calais;Lille;50.4190876704708,2.785595426768926
2023-2024;0622084D;public;100.4;Collège Pablo Neruda;Vitry-en-Artois;062;62865;Pas-de-Calais;Lille;50.32940314377099,2.9929899978489933
2023-2024;0622104A;privé sous contrat;117.2;Collège privé Saint Jean-Baptiste;Bapaume;062;62080;Pas-de-Calais;Lille;50.10201010102586,2.8487198519214876
2023-2024;0622418S;public;75.1;Collège Jean Zay;Lens;062;62498;Pas-de-Calais;Lille;50.44273593059116,2.823900494132792
2023-2024;0622789V;public;81.9;Collège Charles Péguy;Arras;062;62041;Pas-de-Calais;Lille;50.301286630319076,2.7505104747791638
2023-2024;0622947S;public;94.6;Collège George Sand;Béthune;062;62119;Pas-de-Calais;Lille;50.529725801612535,2.645259432715609
2023-2024;0592890W;privé sous contrat;90.5;Collège privé Saint Joseph;Lille;059;59350;Nord;Lille;50.6163898548658,3.0256794624564773
2023-2024;0595167W;public;82.6;Collège Baudelaire;Roubaix;059;59512;Nord;Lille;50.67987287899336,3.1686397575894043
2023-2024;0595177G;public;77.1;Collège Camille Claudel;Fourmies;059;59249;Nord;Lille;50.01066928717324,4.042290607143839
2023-2024;0590046E;public;81.1;Collège Jean Monnet;Caudry;059;59139;Nord;Lille;50.126760222561636,3.4039695542541724
2023-2024;0590211J;public;115.8;Collège Albert Camus;Thumeries;059;59592;Nord;Lille;50.46975600738184,3.0699506566329924
2023-2024;0592733A;public;83.4;Collège André Streinger;Douai;059;59178;Nord;Lille;50.361493240837355,3.085579742225807
2023-2024;0593145Y;privé sous contrat;137.6;Collège privé Immaculée Conception;Seclin;059;59560;Nord;Lille;50.55542622598174,3.032630662297361
2023-2024;0593179K;public;87.9;Collège Claude Lévi Strauss;Lille;059;59350;Nord;Lille;50.63147124244808,3.036739502459178
2023-2024;0594628K;public;112.5;Collège Jacques Monod;Pérenchies;059;59457;Nord;Lille;50.6696987944097,2.97350955943881
2023-2024;0620051U;public;76.5;Collège Angellier;Boulogne-sur-Mer;062;62160;Pas-de-Calais;Lille;50.7211009818125,1.6093893504615437
2023-2024;0622119S;privé sous contrat;101.8;Collège privé Saint Bertin;Saint-Omer;062;62765;Pas-de-Calais;Lille;50.74867790656738,2.2597959069389364
2023-2024;0622264Z;public;88.6;Collège Claude Debussy;Courrières;062;62250;Pas-de-Calais;Lille;50.45243870696567,2.9487603119270873
2023-2024;0622572J;public;84.3;Collège Jean Jaurès;Etaples;062;62318;Pas-de-Calais;Lille;50.51822811167607,1.6419865846343977
2023-2024;0622866D;public;89.5;Collège Jacques Prévert;Heuchin;062;62451;Pas-de-Calais;Lille;50.47439192291763,2.2688603220749526
2023-2024;0623112W;public;93.0;Collège Marguerite Berger;Pas-en-Artois;062;62649;Pas-de-Calais;Lille;50.15757036869106,2.4881994306841806
2023-2024;0623571V;privé sous contrat;132.4;Collège privé Haffreingue;Boulogne-sur-Mer;062;62160;Pas-de-Calais;Lille;50.73022183140741,1.6181801448617874
2023-2024;0590157A;public;81.3;Collège Saint-Exupéry;Onnaing;059;59447;Nord;Lille;50.38314537455736,3.582870374959155
2023-2024;0592900G;privé sous contrat;133.0;Collège privé Notre-Dame de La Providence;Orchies;059;59449;Nord;Lille;50.47822033632278,3.2432897541631776
2023-2024;0593123Z;privé sous contrat;106.8;Collège privé Saint Joseph;Gravelines;059;59273;Nord;Lille;50.98810323447216,2.1251792928760307
2023-2024;0594308M;public;84.3;Collège Denis Saurat;Trélon;059;59601;Nord;Lille;50.05729880556586,4.111670619563331
2023-2024;0594405T;public;85.9;Collège Victor Hugo;Somain;059;59574;Nord;Lille;50.36153891792843,3.276190437285765
2023-2024;0594876E;public;92.5;Collège Montaigne;Poix-du-Nord;059;59464;Nord;Lille;50.19636234641837,3.6082095864660104
2023-2024;0595170Z;public;98.9;Collège des Flandres;Hazebrouck;059;59295;Nord;Lille;50.73117704127288,2.5290609979501575
2023-2024;0596801X;privé sous contrat;96.3;Collège privé Ressources Saint Jacques;Fournes-en-Weppes;059;59250;Nord;Lille;50.58415844297129,2.889789335618925
2023-2024;0590150T;public;97.5;Collège Guillaume Budé;Maubeuge;059;59392;Nord;Lille;50.280047313159926,3.9855703085094856
2023-2024;0593159N;privé sous contrat;103.9;Collège privé Sacré-Coeur;Watten;059;59647;Nord;Lille;50.83391331367516,2.2106302829503464
2023-2024;0593198F;privé sous contrat;111.8;Collège privé Communautaire;Villeneuve-d'Ascq;059;59009;Nord;Lille;50.65687147188959,3.135390066643664
2023-2024;0593486U;public;75.1;Collège Félicien Joly;Fresnes-sur-Escaut;059;59253;Nord;Lille;50.43703364705557,3.571800073022058
2023-2024;0594294X;public;80.8;Collège Henri Dunant;Merville;059;59400;Nord;Lille;50.64897069452894,2.638800542120294
2023-2024;0594397J;public;79.8;Collège Jean Rostand;Armentières;059;59017;Nord;Lille;50.68779925676303,2.866820491853828
2023-2024;0595393S;privé sous contrat;129.3;Collège privé Sainte Odile;Lambersart;059;59328;Nord;Lille;50.63828239435873,3.027519556262603
2023-2024;0620039F;public;88.4;Collège Jacques-Yves Cousteau;Bertincourt;062;62117;Pas-de-Calais;Lille;50.08837894809274,2.9812501868009518
2023-2024;0620154F;public;89.1;Collège Albert Camus;Outreau;062;62643;Pas-de-Calais;Lille;50.70255080268576,1.5914034040436627
2023-2024;0622094P;public;88.1;Collège Jean Jaurès;Aire-sur-la-Lys;062;62014;Pas-de-Calais;Lille;50.635453038636626,2.4006094467249137
2023-2024;0622790W;public;90.9;Collège Roger Salengro;Saint-Pol-sur-Ternoise;062;62767;Pas-de-Calais;Lille;50.379591320916624,2.3305972218706037
2023-2024;0622868F;public;74.0;Collège Jean Jaurès;Lens;062;62498;Pas-de-Calais;Lille;50.440104907023624,2.7992097018058164
2023-2024;0623022Y;public;87.7;Collège Paul Eluard;Vermelles;062;62846;Pas-de-Calais;Lille;50.48562923086735,2.744179633314748
2023-2024;0623313P;public;82.6;Collège Lavoisier;Auchel;062;62048;Pas-de-Calais;Lille;50.50690421353284,2.475710473957055
2023-2024;0623314R;public;77.5;Collège Simone Signoret;Bruay-la-Buissière;062;62178;Pas-de-Calais;Lille;50.48260659356755,2.547420203520672
2023-2024;0623570U;privé sous contrat;117.8;Collège privé Saint Pierre;Calais;062;62193;Pas-de-Calais;Lille;50.94496373289567,1.8583213564747443
2023-2024;0590055P;public;92.2;Collège Alfred Jennepin;Cousolre;059;59157;Nord;Lille;50.24388496161089,4.153389475665061
2023-2024;0590115E;public;102.2;Collège Franklin;Lille;059;59350;Nord;Lille;50.62910544167586,3.070409601593442
2023-2024;0593154H;privé sous contrat;111.6;Collège privé Sainte Marie;Valenciennes;059;59606;Nord;Lille;50.36088999631218,3.5212706887280376
2023-2024;0593484S;public;82.6;Collège Emile Littré;Douchy-les-Mines;059;59179;Nord;Lille;50.30026003135326,3.398559394578643
2023-2024;0593673X;public;89.8;Collège Madame d'Epinay;Aulnoy-lez-Valenciennes;059;59032;Nord;Lille;50.32898461946876,3.5209795152110686
2023-2024;0593678C;public;88.2;Collège Jean Moulin;Wallers;059;59632;Nord;Lille;50.37400098091182,3.3984184071598618
2023-2024;0594293W;public;72.9;Collège Albert Roussel;Tourcoing;059;59599;Nord;Lille;50.723100630457324,3.168440278617063
2023-2024;0595383F;privé sous contrat;102.1;Collège privé Sainte Jeanne d'Arc;Aulnoye-Aymeries;059;59033;Nord;Lille;50.19956464093505,3.8301602304149935
2023-2024;0595993U;privé sous contrat;146.1;Collège privé Jeannine Manuel;Marcq-en-Baroeul;059;59378;Nord;Lille;50.690549419752486,3.121119875573242
2023-2024;0596846W;privé sous contrat;117.9;Collège privé Sacré Coeur - Saint Thomas;Tourcoing;059;59599;Nord;Lille;50.722809187536605,3.148580063298259
2023-2024;0597055Y;privé sous contrat;111.3;Collège privé Notre-Dame de la Renaissance;Somain;059;59574;Nord;Lille;50.338378074987375,3.281920627015369
2023-2024;0622109F;privé sous contrat;109.8;Collège privé Jeanne d'Arc;Calais;062;62193;Pas-de-Calais;Lille;50.94370747228479,1.8527994308888607
2023-2024;0622795B;public;94.4;Collège François Rabelais;Hénin-Beaumont;062;62427;Pas-de-Calais;Lille;50.4124297788558,2.9586434580044747
2023-2024;0622863A;public;98.2;Collège Adam de la Halle;Achicourt;062;62004;Pas-de-Calais;Lille;50.26837738946462,2.7673305314071426
2023-2024;0623322Z;public;92.4;Collège Anne Frank;Dourges;062;62274;Pas-de-Calais;Lille;50.42905572095348,2.9941200896855036
2023-2024;0620099W;public;86.0;Collège des 7 Vallées;Hesdin-la-Forêt;062;62447;Pas-de-Calais;Lille;50.36992994909537,2.0397337505951407
2023-2024;0620158K;public;82.5;Collège Paul Langevin;Rouvroy;062;62724;Pas-de-Calais;Lille;50.40516019431543,2.905140015843999
2023-2024;0620194Z;public;92.2;Collège Jean Rostand;Licques;062;62506;Pas-de-Calais;Lille;50.783279107412724,1.9449299723474234
2023-2024;0622086F;public;89.5;Collège Descartes-Montaigne;Liévin;062;62510;Pas-de-Calais;Lille;50.41352759147422,2.7674199088405786
2023-2024;0622132F;privé sous contrat;104.7;Collège privé Saint Joseph;Bourlon;062;62164;Pas-de-Calais;Lille;50.17621209808866,3.1148499800751877
2023-2024;0622137L;privé sous contrat;105.2;Collège privé Sacré-Coeur;Frévent;062;62361;Pas-de-Calais;Lille;50.277344107645725,2.2890600944098347
2023-2024;0623115Z;public;94.2;Collège Paul Eluard;Saint-Etienne-au-Mont;062;62746;Pas-de-Calais;Lille;50.67393534528132,1.631019792325546
2023-2024;0590248Z;public;91.0;Collège Louis Pasteur;Somain;059;59574;Nord;Lille;50.3498386310885,3.2842295962456927
2023-2024;0592830F;public;86.1;Collège Jean Zay;Faches-Thumesnil;059;59220;Nord;Lille;50.60722395909997,3.063599555138808
2023-2024;0592941B;privé sous contrat;111.9;Collège privé de la Sainte Union;Douai;059;59178;Nord;Lille;50.37116804322099,3.0795797841130095
2023-2024;0593171B;privé sous contrat;119.3;Collège privé Saint Luc Jeanne d'Arc;Cambrai;059;59122;Nord;Lille;50.1675522063398,3.235499412182975
2023-2024;0593658F;public;94.8;Collège Yvonne Abbas;La Madeleine;059;59368;Nord;Lille;50.652658361725656,3.065119524583582
2023-2024;0594632P;public;88.7;Collège Raymond Devos;Hem;059;59299;Nord;Lille;50.661150305771635,3.187780607305509
2023-2024;0595172B;public;114.5;Collège Eugène Thomas;Le Quesnoy;059;59481;Nord;Lille;50.24844416685529,3.645209621701694
2023-2024;0595388L;privé sous contrat;83.6;Collège privé René Bonpain;Grande-Synthe;059;59271;Nord;Lille;51.01787217536758,2.3082705004130344
2023-2024;0595391P;privé sous contrat;120.3;Collège privé Saint Jacques;Hazebrouck;059;59295;Nord;Lille;50.72335632938025,2.5300914913902157
2023-2024;0620025R;public;88.2;Collège du Val d'Authie;Auxi-le-Château;062;62060;Pas-de-Calais;Lille;50.22910948306126,2.106420297563793
2023-2024;0620026S;public;95.8;Collège du Val du Gy;Avesnes-le-Comte;062;62063;Pas-de-Calais;Lille;50.27313642826175,2.5227499843981085
2023-2024;0620068M;public;83.2;Collège Frédéric Joliot-Curie;Calonne-Ricouart;062;62194;Pas-de-Calais;Lille;50.48535248436109,2.4787500415447026
2023-2024;0620123X;public;92.0;Collège René Cassin;Loos-en-Gohelle;062;62528;Pas-de-Calais;Lille;50.45701667971794,2.7957198521998277
2023-2024;0620196B;public;84.3;Collège Jean Jaurès;Calais;062;62193;Pas-de-Calais;Lille;50.95260540409165,1.8562901901170819
2023-2024;0622103Z;privé sous contrat;135.1;Collège privé Saint Joseph;Arras;062;62041;Pas-de-Calais;Lille;50.291269030476805,2.771739508529325
2023-2024;0622269E;public;83.8;Collège Anatole France;Noeux-les-Mines;062;62617;Pas-de-Calais;Lille;50.47179839596067,2.6625203622757074
2023-2024;0622423X;public;75.7;Collège Youri Gagarine;Montigny-en-Gohelle;062;62587;Pas-de-Calais;Lille;50.4310641266138,2.9319693624659204
2023-2024;0622806N;public;104.6;Collège Maxence Van Der Meersch;Le Touquet-Paris-Plage;062;62826;Pas-de-Calais;Lille;50.512033350433924,1.6171993613260043
2023-2024;0590007M;public;90.4;Collège Pierre-Gilles de Gennes;Petite-Forêt;059;59459;Nord;Lille;50.36562803338223,3.476989834504741
2023-2024;0590050J;public;71.9;Collège Josquin des Prés;Condé-sur-l'Escaut;059;59153;Nord;Lille;50.4584602905091,3.585310527359675
2023-2024;0590082U;public;115.3;Collège Jean Moulin;Flines-lez-Raches;059;59239;Nord;Lille;50.42710776071974,3.184340322301246
2023-2024;0592896C;privé sous contrat;131.1;Collège privé Saint Jean;La Madeleine;059;59368;Nord;Lille;50.65515072650564,3.078590010507012
2023-2024;0593103C;privé sous contrat;99.0;Collège privé Sacré-Coeur;Estaires;059;59212;Nord;Lille;50.646827656982204,2.719369595601835
2023-2024;0593140T;privé sous contrat;104.7;Collège privé Notre-Dame Immaculée;Tourcoing;059;59599;Nord;Lille;50.72472928748168,3.154585172320493
2023-2024;0593147A;privé sous contrat;113.8;Collège privé Notre-Dame de Lourdes;Steenvoorde;059;59580;Nord;Lille;50.811472454642704,2.5804995793663936
2023-2024;0594290T;public;83.5;Collège Henri Matisse;Ostricourt;059;59452;Nord;Lille;50.457575681553536,3.026609554977936
2023-2024;0595168X;public;69.3;Collège Maxence Van Der Meersch;Roubaix;059;59512;Nord;Lille;50.681280837629195,3.2072199693145738
2023-2024;0595782P;public;75.0;Collège du Moulin;Grande-Synthe;059;59271;Nord;Lille;51.01131527401728,2.3041700698011334
2023-2024;0620004T;public;94.2;Collège de L'Europe;Ardres;062;62038;Pas-de-Calais;Lille;50.85129259607474,1.9758702718799537
2023-2024;0620055Y;public;64.4;Collège Paul Langevin;Boulogne-sur-Mer;062;62160;Pas-de-Calais;Lille;50.733725140619015,1.6185600819517356
2023-2024;0620172A;public;102.0;Collège François Mitterrand;Thérouanne;062;62811;Pas-de-Calais;Lille;50.636627436382994,2.252459789957055
2023-2024;0622128B;privé sous contrat;112.9;Collège privé Notre-Dame;Berck;062;62108;Pas-de-Calais;Lille;50.40462040664378,1.5618196929804524
2023-2024;0622797D;public;99.2;Collège Liberté;Annezin;062;62035;Pas-de-Calais;Lille;50.539916212912246,2.6217102527681235
2023-2024;0590058T;public;80.0;Collège Paul Langevin;Dechy;059;59170;Nord;Lille;50.34717671609427,3.1310706351778967
2023-2024;0622097T;public;81.4;Collège Jean Rostand;Auchy-lès-Hesdin;062;62050;Pas-de-Calais;Lille;50.40309660977085,2.09708054059803
2023-2024;0622417R;public;77.3;Collège Michelet;Lens;062;62498;Pas-de-Calais;Lille;50.4298593304873,2.826930432308774
2023-2024;0622792Y;public;94.5;Collège Bracke Desrousseaux;Vendin-le-Vieil;062;62842;Pas-de-Calais;Lille;50.47790567477626,2.860990357056119
2023-2024;0593101A;privé sous contrat;118.9;Collège privé Fénelon;Dunkerque;059;59183;Nord;Lille;51.04514380147598,2.3864495714222578
2023-2024;0593163T;privé sous contrat;110.7;Collège privé Sainte Union Cœur de Flandre;Wormhout;059;59663;Nord;Lille;50.87990917737845,2.4634302799363463
2023-2024;0593218C;privé sous contrat;117.0;Collège privé Lacordaire;Mons-en-Baroeul;059;59410;Nord;Lille;50.641612858191934,3.0958697192505484
2023-2024;0593475G;public;108.1;Collège Léon Blum;Wavrin;059;59653;Nord;Lille;50.571996731098764,2.9399274470057177
2023-2024;0593490Y;public;105.4;Collège Jean Lemaire de Belges;Bavay;059;59053;Nord;Lille;50.29514389909433,3.8026802795568
2023-2024;0593686L;public;71.6;Collège Jacques Brel;Louvroil;059;59365;Nord;Lille;50.26333776604779,3.9650896805773166
2023-2024;0594295Y;public;82.6;Collège du Westhoek;Coudekerque-Branche;059;59155;Nord;Lille;51.02950774638383,2.40210989744275
2023-2024;0594392D;public;86.6;Collège Pablo Néruda;Wattrelos;059;59650;Nord;Lille;50.70934262131982,3.2378495967709715
2023-2024;0594401N;public;100.1;Collège Val de La Sensée;Arleux;059;59015;Nord;Lille;50.28398626566773,3.0993299444221893
2023-2024;0594525Y;public;101.8;Collège Le Triolo;Villeneuve-d'Ascq;059;59009;Nord;Lille;50.61612690346182,3.139180476019098
2023-2024;0594533G;public;75.5;Collège Voltaire;Lourches;059;59361;Nord;Lille;50.314703750485606,3.3554093031083663
2023-2024;0594865T;public;93.1;Collège Anatole France;Ronchin;059;59507;Nord;Lille;50.6118171943921,3.080530699112658
2023-2024;0595174D;public;92.7;Collège Robert Badinter;Cambrai;059;59122;Nord;Lille;50.17342677818578,3.2420900946825157
2023-2024;0595390N;privé sous contrat;95.4;Collège privé Saint Pierre;Fourmies;059;59249;Nord;Lille;50.009224390857845,4.050339807198157
2023-2024;0595397W;privé sous contrat;135.7;Collège privé Thérèse d'Avila;Lille;059;59350;Nord;Lille;50.62854044068899,3.044339359786731
2023-2024;0595404D;privé sous contrat;143.2;Collège privé Saint Adrien La Salle;Villeneuve-d'Ascq;059;59009;Nord;Lille;50.6283189898316,3.14895941190851
2023-2024;0622091L;public;104.7;Collège Georges Brassens;Saint-Venant;062;62770;Pas-de-Calais;Lille;50.62044913885898,2.5366194629407954
2023-2024;0593130G;privé sous contrat;93.0;Collège privé Saint Joseph;Hondschoote;059;59309;Nord;Lille;50.97938773835512,2.5895157518617125
2023-2024;0593228N;public;113.8;Collège Jean Moulin;Saint-André-lez-Lille;059;59527;Nord;Lille;50.65850679010164,3.0493535637918514
2023-2024;0593231S;public;100.4;Collège Albert Schweitzer;La Bassée;059;59051;Nord;Lille;50.535220245931804,2.8111599077333573
2023-2024;0593234V;public;112.1;Collège Albert Ball;Annoeullin;059;59011;Nord;Lille;50.53340847736127,2.931829619272259
2023-2024;0593242D;public;79.6;Collège Gustave Nadaud;Wattrelos;059;59650;Nord;Lille;50.70884740732559,3.1978302784174524
2023-2024;0593667R;public;63.7;Collège Rosa Parks;Roubaix;059;59512;Nord;Lille;50.701429666195004,3.1864605337728373
2023-2024;0594394F;public;80.2;Collège Marie Curie;Tourcoing;059;59599;Nord;Lille;50.718868994902444,3.1545501387874855
2023-2024;0595712N;public;89.6;Collège Jean Monnet;Grand-Fort-Philippe;059;59272;Nord;Lille;50.99529548371293,2.109440545763145
2023-2024;0596059R;public;100.8;Collège Jules Ferry;Haubourdin;059;59286;Nord;Lille;50.61329692560199,2.9917401992710855
2023-2024;0596833G;public;81.5;Collège Nina Simone;Lille;059;59350;Nord;Lille;50.624217470059136,3.0443905646572866
2023-2024;0620198D;public;79.3;Collège Albert Camus;Bruay-la-Buissière;062;62178;Pas-de-Calais;Lille;50.47547424442204,2.558440656583557
2023-2024;0622112J;privé sous contrat;105.0;Collège privé Saint Bertulphe;Fruges;062;62364;Pas-de-Calais;Lille;50.516021687633,2.1370106629363272
2023-2024;0622131E;privé sous contrat;92.9;Collège privé Godefroy de Bouillon;Boulogne-sur-Mer;062;62160;Pas-de-Calais;Lille;50.721438736277236,1.6099794080396628
2023-2024;0622262X;public;82.4;Collège Henri Wallon;Méricourt;062;62570;Pas-de-Calais;Lille;50.41020311287875,2.877100390185131
2023-2024;0623573X;privé sous contrat;130.9;Collège privé Nazareth;Saint-Martin-Boulogne;062;62758;Pas-de-Calais;Lille;50.727305261437465,1.6255605753803088
