Rentrée scolaire;Académie;Code du département;Département;UAI;Nom de l'établissment;Code INSEE de la commune;Nom de la commune;Secteur;Type de lycée;Effectifs voie GT;Effectifs voie PRO;Effectifs Ensemble GT-PRO;IPS voie GT;IPS voie PRO;IPS Ensemble GT-PRO;Ecart-type de l'IPS voie GT;Ecart-type de l'IPS voie PRO
2022-2023;LILLE;059;NORD;0590005K;LYCEE PROFESSIONNEL PIERRE JOSEPH FONTAINE;59014;ANZIN;public;LP;;572.0;572.0;;71.9;71.9;;20.2
2022-2023;LILLE;059;NORD;0590035T;LYCEE GENERAL ET TECHNOLOGIQUE FENELON;59122;CAMBRAI;public;LEGT;710.0;;710.0;106.9;;106.9;33.4;
2022-2023;LILLE;059;NORD;0590060V;LYCEE GENERAL ET TECHNOLOGIQUE ALFRED KASTLER;59172;DENAIN;public;LEGT;450.0;;450.0;88.7;;88.7;28.4;
2022-2023;LILLE;059;NORD;0590072H;LYCEE GENERAL ET TECHNOLOGIQUE DE L EUROPE;59183;DUNKERQUE;public;LEGT;819.0;;819.0;89.7;;89.7;29.5;
2022-2023;LILLE;059;NORD;0590093F;LYCEE POLYVALENT BEAUPRE LYCEE DES METIERS DE LA PLASTURGIE;59286;HAUBOURDIN;public;LPO;1040.0;362.0;1402.0;113.7;88.6;107.2;32.9;24.0
2022-2023;LILLE;059;NORD;0590101P;LYCEE GENERAL ET TECHNOLOGIQUE DES FLANDRES;59295;HAZEBROUCK;public;LEGT;1173.0;;1173.0;114.6;;114.6;33.3;
2022-2023;LILLE;059;NORD;0590143K;LYCEE GENERAL YVES KERNANEC;59378;MARCQ EN BAROEUL;public;LEGT;709.0;;709.0;127.2;;127.2;36.6;
2022-2023;LILLE;059;NORD;0590185F;LPO JEAN MOULIN LYCEE DES METIERS DE LA SECURITE ET DE LA PREVENTION DES SERVICES ADMINISTRATIFS ET DE LA RELATION AUX CLIENTS;59512;ROUBAIX;public;LPO;484.0;320.0;804.0;72.2;73.7;72.8;21.4;24.3
2022-2023;LILLE;059;NORD;0590192N;LYCEE POLYVALENT ERNEST COUTEAUX;59526;SAINT AMAND LES EAUX;public;LPO;778.0;173.0;951.0;107.0;84.9;103.0;34.0;25.8
2022-2023;LILLE;059;NORD;0590198V;LYCEE PROFESSIONNEL GEORGES GUYNEMER;59183;DUNKERQUE;public;LP;;304.0;304.0;;78.5;78.5;;23.2
2022-2023;LILLE;059;NORD;0590207E;LYCEE GENERAL ET TECHNOLOGIQUE LOUIS PASTEUR;59574;SOMAIN;public;LEGT;913.0;;913.0;100.2;;100.2;33.1;
2022-2023;LILLE;059;NORD;0590216P;LYCEE PROFESSIONNEL LE CORBUSIER;59599;TOURCOING;public;LP;;380.0;380.0;;86.7;86.7;;29.2
2022-2023;LILLE;059;NORD;0590221V;LYCEE GENERAL ET TECHNOLOGIQUE HENRI WALLON;59606;VALENCIENNES;public;LEGT;1000.0;;1000.0;102.0;;102.0;38.2;
2022-2023;LILLE;059;NORD;0590233H;LYCEE POLYVALENT EMILE ZOLA;59650;WATTRELOS;public;LPO;408.0;197.0;605.0;83.5;76.0;81.1;26.1;20.6
2022-2023;LILLE;059;NORD;0590258K;LYCEE GENERAL ET TECHNOLOGIQUE GASTON BERGER;59350;LILLE;public;LEGT;329.0;;329.0;86.0;;86.0;29.6;
2022-2023;LILLE;059;NORD;0590270Y;LYCEE PROFESSIONNEL DU HAINAUT LYCEE DES METIERS DE L AUTOMOBILE LYCEE DES METIERS DE LA CHAUDRONNERIE;59606;VALENCIENNES;public;LP;;749.0;749.0;;79.7;79.7;;24.7
2022-2023;LILLE;059;NORD;0592610S;LYCEE PROFESSIONNEL PIERRE JOSEPH LAURENT;59008;ANICHE;public;LP;;531.0;531.0;;74.9;74.9;;21.7
2022-2023;LILLE;059;NORD;0592916Z;LYCEE GENERAL ET TECHNOLOGIQUE PRIVE NOTRE DAME DE GRACE;59392;MAUBEUGE;privé sous contrat;LEGT;351.0;;351.0;112.3;;112.3;30.7;
2022-2023;LILLE;059;NORD;0592929N;LYCEE GENERAL ET TECHNOLOGIQUE PRIVE SAINTE THERESE;59036;AVESNES SUR HELPE;privé sous contrat;LEGT;132.0;;132.0;110.7;;110.7;31.0;
2022-2023;LILLE;059;NORD;0592965C;LYCEE POLYVALENT PRIVE EIC INDUSTRIEL ET COMMERCIAL;59599;TOURCOING;privé sous contrat;LPO;1401.0;548.0;1949.0;108.3;97.7;105.3;29.2;25.4
2022-2023;LILLE;059;NORD;0592980U;LYCEE POLYVALENT PRIVE EIC MARIE NOËL;59599;TOURCOING;privé sous contrat;LPO;249.0;291.0;540.0;98.6;89.0;93.4;27.0;25.2
2022-2023;LILLE;059;NORD;0593015G;LYCEE PROFESSIONNEL PRIVE CAMILLE DE LELLIS;59328;LAMBERSART;privé sous contrat;LP;;249.0;249.0;;95.5;95.5;;27.4
2022-2023;LILLE;059;NORD;0593063J;LYCEE PROFESSIONNEL PRIVE SAINTE MARIE;59043;BAILLEUL;privé sous contrat;LP;;455.0;455.0;;102.7;102.7;;26.8
2022-2023;LILLE;059;NORD;0593066M;LYCEE PROFESSIONNEL PRIVE JEAN PAUL II;59172;DENAIN;privé sous contrat;LP;;362.0;362.0;;85.6;85.6;;22.6
2022-2023;LILLE;059;NORD;0593079B;LYCEE PROFESSIONNEL PRIVE SAINTE BERNADETTE;59324;JEUMONT;privé sous contrat;LP;;142.0;142.0;;90.6;90.6;;20.0
2022-2023;LILLE;059;NORD;0593102B;LYCEE GENERAL PRIVE NOTRE DAME DES DUNES;59183;DUNKERQUE;privé sous contrat;LEGT;549.0;;549.0;123.2;;123.2;28.4;
2022-2023;LILLE;059;NORD;0593495D;LYCEE PROFESSIONNEL PAUL LANGEVIN;59654;WAZIERS;public;LP;;330.0;330.0;;75.5;75.5;;20.9
2022-2023;LILLE;059;NORD;0595809U;LYCEE GENERAL ET TECHNOLOGIQUE DE L ESCAUT;59606;VALENCIENNES;public;LEGT;1147.0;;1147.0;100.9;;100.9;35.1;
2022-2023;LILLE;059;NORD;0595918M;LYCEE PROFESSIONNEL PRIVE EPID LYCEE DES METIERS DES INDUSTRIES ET DES INNOVATIONS TECHNOLOGIQUES;59183;DUNKERQUE;privé sous contrat;LP;;371.0;371.0;;102.4;102.4;;21.6
2022-2023;LILLE;059;NORD;0596122J;LYCEE GENERAL PRIVE JEANNINE MANUEL;59378;MARCQ EN BAROEUL;privé sous contrat;LEGT;250.0;;250.0;163.0;;163.0;6.3;
2022-2023;LILLE;062;PAS-DE-CALAIS;0620018H;LYCEE PROFESSIONNEL FERNAND DEGRUGILLIER;62048;AUCHEL;public;LP;;305.0;305.0;;74.2;74.2;;21.2
2022-2023;LILLE;062;PAS-DE-CALAIS;0620052V;LYCEE POLYVALENT EDOUARD BRANLY LYCEE DES METIERS DU BATIMENT ET DES ENERGIES RENOUVELABLES DE L INDUSTRIE DES TERRES D OPALE;62160;BOULOGNE SUR MER;public;LPO;837.0;160.0;997.0;103.9;81.7;100.3;32.5;24.9
2022-2023;LILLE;062;PAS-DE-CALAIS;0620109G;LYCEE GENERAL ET TECHNOLOGIQUE AUGUSTE BEHAL;62498;LENS;public;LEGT;578.0;;578.0;85.3;;85.3;27.2;
2022-2023;LILLE;062;PAS-DE-CALAIS;0620190V;LYCEE PROFESSIONNEL HENRI DARRAS;62510;LIEVIN;public;LP;;274.0;274.0;;80.5;80.5;;25.6
2022-2023;LILLE;062;PAS-DE-CALAIS;0620220C;LYCEE PROFESSIONNEL LA PEUPLERAIE;62771;SALLAUMINES;public;LP;;354.0;354.0;;69.8;69.8;;19.1
2022-2023;LILLE;062;PAS-DE-CALAIS;0620221D;LYCEE PROFESSIONNEL PROFESSEUR CLERC;62643;OUTREAU;public;LP;;212.0;212.0;;75.6;75.6;;21.2
2022-2023;LILLE;062;PAS-DE-CALAIS;0622114L;LYCEE POLYVALENT PRIVE SAINT PAUL;62498;LENS;privé sous contrat;LPO;1109.0;134.0;1243.0;121.1;109.0;119.8;27.7;26.6
2022-2023;LILLE;062;PAS-DE-CALAIS;0622116N;LYCEE GENERAL PRIVE LA MALASSISE;62525;LONGUENESSE;privé sous contrat;LEGT;611.0;;611.0;132.2;;132.2;26.1;
2022-2023;LILLE;062;PAS-DE-CALAIS;0622195Z;LYCEE PROFESSIONNEL PRIVE SAINTE MARIE;62364;FRUGES;privé sous contrat;LP;;142.0;142.0;;98.2;98.2;;23.7
2022-2023;LILLE;062;PAS-DE-CALAIS;0622275L;LYCEE PROFESSIONNEL JEAN CHARLES CAZIN;62160;BOULOGNE SUR MER;public;LP;;531.0;531.0;;71.6;71.6;;17.9
2022-2023;LILLE;062;PAS-DE-CALAIS;0622803K;LYCEE GENERAL ET TECHNOLOGIQUE BLAISE PASCAL;62525;LONGUENESSE;public;LEGT;936.0;;936.0;104.4;;104.4;32.8;
2022-2023;LILLE;062;PAS-DE-CALAIS;0622807P;LYCEE POLYVALENT HOTELIER;62826;LE TOUQUET PARIS PLAGE;public;LPO;109.0;122.0;231.0;121.0;108.7;114.5;32.2;32.8
2022-2023;LILLE;062;PAS-DE-CALAIS;0623328F;LYCEE PROFESSIONNEL HENRI SENEZ LYCEE DES METIERS;62427;HENIN BEAUMONT;public;LP;;997.0;997.0;;75.8;75.8;;22.0
2022-2023;LILLE;062;PAS-DE-CALAIS;0623377J;LYCEE PROFESSIONNEL DU BATIMENT FRANCOIS HENNEBIQUE;62510;LIEVIN;public;LP;;287.0;287.0;;72.5;72.5;;18.3
2022-2023;LILLE;062;PAS-DE-CALAIS;0624109E;LYCEE POLYVALENT GIRAUX SANNIER;62758;SAINT MARTIN BOULOGNE;public;LPO;554.0;245.0;799.0;103.0;78.1;95.4;34.1;23.8
2022-2023;LILLE;062;PAS-DE-CALAIS;0624430D;LYCEE GENERAL ET TECHNOLOGIQUE GAMBETTA CARNOT;62041;ARRAS;public;LEGT;1231.0;;1231.0;112.0;;112.0;35.1;
2022-2023;LILLE;059;NORD;0590011S;LYCEE POLYVALENT GUSTAVE EIFFEL LYCEE DES METIERS;59017;ARMENTIERES;public;LPO;799.0;202.0;1001.0;116.4;87.8;110.7;35.6;27.0
2022-2023;LILLE;059;NORD;0590015W;LYCEE PROFESSIONNEL PIERRE ET MARIE CURIE;59033;AULNOYE AYMERIES;public;LP;;383.0;383.0;;77.9;77.9;;24.5
2022-2023;LILLE;059;NORD;0590024F;LYCEE GENERAL DES NERVIENS;59053;BAVAY;public;LEGT;361.0;;361.0;111.1;;111.1;34.2;
2022-2023;LILLE;059;NORD;0590042A;LYCEE POLYVALENT CAMILLE DESMOULINS;59136;LE CATEAU CAMBRESIS;public;LPO;255.0;191.0;446.0;88.8;72.0;81.6;27.8;20.9
2022-2023;LILLE;059;NORD;0590063Y;LYCEE GENERAL ALBERT CHATELET;59178;DOUAI;public;LEGT;910.0;;910.0;117.4;;117.4;38.7;
2022-2023;LILLE;059;NORD;0590065A;LYCEE GENERAL ET TECHNOLOGIQUE EDMOND LABBE;59178;DOUAI;public;LEGT;565.0;;565.0;88.7;;88.7;29.4;
2022-2023;LILLE;059;NORD;0590071G;LYCEE GENERAL ET TECHNOLOGIQUE JEAN BART;59183;DUNKERQUE;public;LEGT;1239.0;;1239.0;105.4;;105.4;35.4;
2022-2023;LILLE;059;NORD;0590111A;LYCEE PROFESSIONNEL SONIA DELAUNAY;59350;LILLE;public;LP;;583.0;583.0;;76.1;76.1;;23.2
2022-2023;LILLE;059;NORD;0590116F;LYCEE GENERAL FENELON;59350;LILLE;public;LEGT;643.0;;643.0;116.7;;116.7;40.2;
2022-2023;LILLE;059;NORD;0590122M;LYCEE POLYVALENT VALENTINE LABBE;59368;LA MADELEINE;public;LPO;720.0;391.0;1111.0;92.2;80.4;88.1;30.7;22.1
2022-2023;LILLE;059;NORD;0590125R;LYCEE HOTELIER INTERNATIONAL DE LILLE;59350;LILLE;public;LPO;59.0;412.0;471.0;113.1;92.4;95.0;37.0;30.4
2022-2023;LILLE;059;NORD;0590133Z;LYCEE PROFESSIONNEL MAURICE DUHAMEL;59360;LOOS;public;LP;;313.0;313.0;;77.5;77.5;;23.3
2022-2023;LILLE;059;NORD;0590186G;LYCEE PROFESSIONNEL TURGOT LYCEE DES METIERS DES SERVICES ADMINISTRATIFS ET DE LA RELATION CLIENT;59512;ROUBAIX;public;LP;;326.0;326.0;;68.6;68.6;;19.6
2022-2023;LILLE;059;NORD;0590187H;LYCEE PROFESSIONNEL LOUIS LOUCHEUR;59512;ROUBAIX;public;LP;;185.0;185.0;;69.4;69.4;;20.7
2022-2023;LILLE;059;NORD;0590223X;LYCEE GENERAL ET TECHNOLOGIQUE DU HAINAUT;59606;VALENCIENNES;public;LEGT;332.0;;332.0;92.1;;92.1;32.1;
2022-2023;LILLE;059;NORD;0590264S;LYCEE PROFESSIONNEL ALFRED KASTLER;59172;DENAIN;public;LP;;311.0;311.0;;74.3;74.3;;21.0
2022-2023;LILLE;059;NORD;0592712C;LYCEE PROFESSIONNEL LOUIS ARMAND;59324;JEUMONT;public;LP;;151.0;151.0;;67.7;67.7;;19.2
2022-2023;LILLE;059;NORD;0592850C;LYCEE PROFESSIONNEL ANTOINE DE SAINT EXUPERY;59279;HALLUIN;public;LP;;303.0;303.0;;74.5;74.5;;19.5
2022-2023;LILLE;059;NORD;0592935V;LYCEE GENERAL PRIVE LA CROIX BLANCHE;59090;BONDUES;privé sous contrat;LEGT;573.0;;573.0;137.2;;137.2;25.4;
2022-2023;LILLE;059;NORD;0592944E;LYCEE GENERAL PRIVE SAINT ADRIEN LA SALLE;59009;VILLENEUVE D ASCQ;privé sous contrat;LEGT;865.0;;865.0;138.4;;138.4;25.8;
2022-2023;LILLE;059;NORD;0592963A;LYCEE POLYVALENT PRIVE SAINT MARTIN;59512;ROUBAIX;privé sous contrat;LPO;266.0;252.0;518.0;95.1;91.4;93.3;27.8;24.5
2022-2023;LILLE;059;NORD;0592973L;LYCEE PROFESSIONNEL PRIVE SAINT FRANCOIS D ASSISE;59512;ROUBAIX;privé sous contrat;LP;;347.0;347.0;;91.5;91.5;;24.5
2022-2023;LILLE;059;NORD;0593060F;LPO PRIVE INSTITUT NICOLAS BARRE LYCEE DES METIERS DE LA SECURITE PREVENTION DE L AUTOMOBILE ET DE LA MAINTENANCE DES MATERIELS;59017;ARMENTIERES;privé sous contrat;LP;;660.0;660.0;;94.7;94.7;;25.6
2022-2023;LILLE;059;NORD;0593113N;LYCEE GENERAL PRIVE SAINTE CLAIRE;59350;LILLE;privé sous contrat;LEGT;241.0;;241.0;123.3;;123.3;31.1;
2022-2023;LILLE;059;NORD;0593114P;LYCEE GENERAL PRIVE SAINT PAUL;59350;LILLE;privé sous contrat;LEGT;1030.0;;1030.0;143.4;;143.4;21.8;
2022-2023;LILLE;059;NORD;0593138R;LYCEE GENERAL PRIVE SAINT MICHEL;59571;SOLESMES;privé sous contrat;LEGT;246.0;;246.0;121.1;;121.1;28.0;
2022-2023;LILLE;059;NORD;0593225K;LYCEE PRIVE DE MARCQ;59378;MARCQ EN BAROEUL;privé sous contrat;LEGT;949.0;;949.0;144.7;;144.7;18.7;
2022-2023;LILLE;059;NORD;0595616J;LYCEE GENERAL ET TECHNOLOGIQUE DU NOORDOVER;59271;GRANDE SYNTHE;public;LEGT;786.0;;786.0;92.0;;92.0;30.8;
2022-2023;LILLE;059;NORD;0595657D;LYCEE POLYVALENT PRIVE INSTITUT SAINT VINCENT DE PAUL LYCEE DES METIERS DU BIEN ETRE DE LA SANTE ET DU SOCIAL;59360;LOOS;privé sous contrat;LPO;636.0;101.0;737.0;116.8;105.2;115.2;30.6;26.0
2022-2023;LILLE;059;NORD;0595856V;LYCEE PROFESSIONNEL DE L YSER;59663;WORMHOUT;public;LP;;253.0;253.0;;78.1;78.1;;24.0
2022-2023;LILLE;059;NORD;0595884A;LYCEE POLYVALENT ANDRE LURCAT;59392;MAUBEUGE;public;LPO;517.0;395.0;912.0;74.4;72.1;73.4;24.7;23.6
2022-2023;LILLE;059;NORD;0596335R;LYCEE GENERAL PRIVE INSTITUT D ANCHIN;59456;PECQUENCOURT;privé sous contrat;LEGT;200.0;;200.0;122.8;;122.8;28.6;
2022-2023;LILLE;062;PAS-DE-CALAIS;0620011A;LYCEE PROFESSIONNEL JACQUES LE CARON;62041;ARRAS;public;LP;;428.0;428.0;;76.9;76.9;;26.4
2022-2023;LILLE;062;PAS-DE-CALAIS;0620059C;LYCEE PROFESSIONNEL LEO LAGRANGE LYCEE DES METIERS DE LA PERSONNE SANTE SOCIAL;62186;BULLY LES MINES;public;LPO;429.0;557.0;986.0;92.4;72.4;81.1;29.7;20.8
2022-2023;LILLE;062;PAS-DE-CALAIS;0620062F;LYCEE GENERAL ET TECHNOLOGIQUE PIERRE DE COUBERTIN;62193;CALAIS;public;LEGT;892.0;;892.0;104.4;;104.4;33.3;
2022-2023;LILLE;062;PAS-DE-CALAIS;0620150B;LYCEE PROFESSIONNEL IRENE JOLIOT CURIE;62637;OIGNIES;public;LP;;451.0;451.0;;78.0;78.0;;25.3
2022-2023;LILLE;062;PAS-DE-CALAIS;0620166U;LYCEE GENERAL ET TECHNOLOGIQUE ALBERT CHATELET;62767;SAINT POL SUR TERNOISE;public;LEGT;860.0;;860.0;103.7;;103.7;32.5;
2022-2023;LILLE;062;PAS-DE-CALAIS;0620167V;LYCEE PROFESSIONNEL PIERRE MENDES FRANCE;62767;SAINT POL SUR TERNOISE;public;LP;;434.0;434.0;;75.6;75.6;;20.5
2022-2023;LILLE;062;PAS-DE-CALAIS;0620189U;LYCEE PROFESSIONNEL PIERRE DE COUBERTIN;62193;CALAIS;public;LP;;847.0;847.0;;79.3;79.3;;22.9
2022-2023;LILLE;062;PAS-DE-CALAIS;0620192X;LYCEE PROFESSIONNEL PIERRE MENDES FRANCE LYCEE DES METIERS DES SYSTEMES AUTOMATIQUES ET DE L ELECTRONIQUE COMMUNICANTE;62178;BRUAY LA BUISSIERE;public;LP;;392.0;392.0;;72.8;72.8;;22.7
2022-2023;LILLE;062;PAS-DE-CALAIS;0620256S;LYCEE POLYVALENT GUY MOLLET;62041;ARRAS;public;LEGT;1467.0;;1467.0;103.9;;103.9;32.4;
2022-2023;LILLE;062;PAS-DE-CALAIS;0622106C;LYCEE GENERAL PRIVE SAINT VAAST SAINT DOMINIQUE;62119;BETHUNE;privé sous contrat;LEGT;529.0;;529.0;129.4;;129.4;25.9;
2022-2023;LILLE;062;PAS-DE-CALAIS;0622107D;LYCEE GENERAL PRIVE NAZARETH HAFFREINGUE;62160;BOULOGNE SUR MER;privé sous contrat;LEGT;582.0;;582.0;126.8;;126.8;27.8;
2022-2023;LILLE;062;PAS-DE-CALAIS;0622211S;LYCEE PROFESSIONNEL PRIVE SAINT PIERRE;62193;CALAIS;privé sous contrat;LP;;330.0;330.0;;96.7;96.7;;24.1
2022-2023;LILLE;062;PAS-DE-CALAIS;0622801H;LYCEE PROFESSIONNEL JEAN BERTIN LYCEE DES METIERS DES TRAVAUX PUBLICS;62178;BRUAY LA BUISSIERE;public;LP;;517.0;517.0;;89.4;89.4;;26.0
2022-2023;LILLE;062;PAS-DE-CALAIS;0622949U;LYCEE GENERAL ET TECHNOLOGIQUE MARIETTE;62160;BOULOGNE SUR MER;public;LEGT;1228.0;;1228.0;103.5;;103.5;37.2;
2022-2023;LILLE;062;PAS-DE-CALAIS;0623463C;LYCEE PROFESSIONNEL NORMANDIE NIEMEN LYCEE DES METIERS DU BATIMENT ET DES ENERGIES RENOUVELABLES;62193;CALAIS;public;LP;;226.0;226.0;;74.0;74.0;;20.4
2022-2023;LILLE;062;PAS-DE-CALAIS;0624141P;LYCEE POLYVALENT LEONARD DE VINCI;62193;CALAIS;public;LPO;858.0;66.0;924.0;99.4;83.5;98.3;31.8;26.8
2022-2023;LILLE;059;NORD;0590010R;LYCEE GENERAL ET TECHNOLOGIQUE PAUL HAZARD;59017;ARMENTIERES;public;LEGT;1116.0;;1116.0;108.3;;108.3;34.8;
2022-2023;LILLE;059;NORD;0590034S;LYCEE GENERAL ET TECHNOLOGIQUE PAUL DUEZ;59122;CAMBRAI;public;LEGT;1406.0;;1406.0;101.8;;101.8;33.4;
2022-2023;LILLE;059;NORD;0590073J;LYCEE GENERAL ET TECHNOLOGIQUE AUGUSTE ANGELLIER;59183;DUNKERQUE;public;LEGT;1161.0;;1161.0;113.1;;113.1;33.2;
2022-2023;LILLE;059;NORD;0590117G;LYCEE GENERAL ET TECHNOLOGIQUE LOUIS PASTEUR;59350;LILLE;public;LEGT;1047.0;;1047.0;117.1;;117.1;40.8;
2022-2023;LILLE;059;NORD;0590119J;LYCEE GENERAL ET TECHNOLOGIQUE FAIDHERBE;59350;LILLE;public;LEGT;1129.0;;1129.0;115.1;;115.1;39.8;
2022-2023;LILLE;059;NORD;0590144L;LYCEE PROFESSIONNEL AUTOMOBILE ALFRED MONGY LYCEE DES METIERS DE LA MAINTENANCE DES VEHICULES;59378;MARCQ EN BAROEUL;public;LP;;425.0;425.0;;84.5;84.5;;26.5
2022-2023;LILLE;059;NORD;0590181B;LYCEE GENERAL ET TECHNOLOGIQUE MAXENCE VAN DER MEERSCH;59512;ROUBAIX;public;LEGT;504.0;;504.0;92.3;;92.3;34.5;
2022-2023;LILLE;059;NORD;0590182C;LYCEE GENERAL BAUDELAIRE;59512;ROUBAIX;public;LEGT;654.0;;654.0;89.2;;89.2;33.1;
2022-2023;LILLE;059;NORD;0590222W;LYCEE GENERAL ET TECHNOLOGIQUE WATTEAU;59606;VALENCIENNES;public;LEGT;1039.0;;1039.0;116.9;;116.9;37.4;
2022-2023;LILLE;059;NORD;0590249A;LYCEE PROFESSIONNEL JACQUES YVES COUSTEAU;59646;WASQUEHAL;public;LP;;102.0;102.0;;76.3;76.3;;22.8
2022-2023;LILLE;059;NORD;0590257J;LYCEE PROFESSIONNEL ILE DE FLANDRE;59017;ARMENTIERES;public;LP;;338.0;338.0;;80.1;80.1;;22.7
2022-2023;LILLE;059;NORD;0592611T;LYCEE PROFESSIONNEL LOUIS BLERIOT;59122;CAMBRAI;public;LP;;390.0;390.0;;75.2;75.2;;22.1
2022-2023;LILLE;059;NORD;0592833J;LYCEE PROFESSIONNEL LES HAUTS DE FLANDRE;59560;SECLIN;public;LPO;42.0;352.0;394.0;99.1;81.7;83.6;32.1;25.5
2022-2023;LILLE;059;NORD;0592926K;LYCEE GENERAL ET TECHNOLOGIQUE PRIVE SAINT JUDE;59017;ARMENTIERES;privé sous contrat;LEGT;845.0;;845.0;128.6;;128.6;29.7;
2022-2023;LILLE;059;NORD;0592928M;LPO PRIVE SAINTE JEANNE D ARC LYCEE DES METIERS DE L HOTELLERIE RESTAURATION LYCEE DES METIERS DE L ESTHETIQUE ET DE LA COIFFURE;59033;AULNOYE AYMERIES;privé sous contrat;LPO;182.0;206.0;388.0;104.1;98.8;101.3;29.9;28.8
2022-2023;LILLE;059;NORD;0592932S;LYCEE GENERAL PRIVE SAINTE MARIE;59056;BEAUCAMPS LIGNY;privé sous contrat;LEGT;1090.0;;1090.0;136.3;;136.3;25.4;
2022-2023;LILLE;059;NORD;0592940A;LYCEE GENERAL PRIVE SAINT JEAN;59178;DOUAI;privé sous contrat;LEGT;532.0;;532.0;131.9;;131.9;28.5;
2022-2023;LILLE;059;NORD;0592976P;LYCEE POLYVALENT PRIVE HELENE BOUCHER;59574;SOMAIN;privé sous contrat;LPO;120.0;410.0;530.0;109.3;95.5;98.6;26.6;21.7
2022-2023;LILLE;059;NORD;0593027V;LYCEE PROFESSIONNEL PRIVE INDUSTRIES LILLOISES EPIL LYCEE DES METIERS DE LA CONSTRUCTION DE L ENVIRONNEMENT ET DES ENERGIES;59350;LILLE;privé sous contrat;LP;;271.0;271.0;;115.0;115.0;;26.8
2022-2023;LILLE;059;NORD;0593034C;LYCEE POLYVALENT PRIVE THEOPHILE LEGRAND;59365;LOUVROIL;privé sous contrat;LPO;77.0;196.0;273.0;104.3;93.7;96.7;29.1;24.0
2022-2023;LILLE;059;NORD;0593058D;LYCEE POLYVALENT PRIVE VAUBAN LYCEE DES METIERS;59183;DUNKERQUE;privé sous contrat;LPO;181.0;330.0;511.0;102.1;94.2;97.0;26.1;23.2
2022-2023;LILLE;059;NORD;0593061G;LYCEE POLYVALENT PRIVE SAINT LUC;59122;CAMBRAI;privé sous contrat;LPO;667.0;466.0;1133.0;120.1;100.7;112.1;29.1;27.7
2022-2023;LILLE;059;NORD;0593071T;LYCEE POLYVALENT PRIVE DEFOREST DE LEWARDE;59178;DOUAI;privé sous contrat;LPO;119.0;248.0;367.0;103.0;96.9;98.9;29.4;24.6
2022-2023;LILLE;059;NORD;0593117T;LYCEE POLYVALENT PRIVE LA SALLE;59350;LILLE;privé sous contrat;LPO;756.0;164.0;920.0;128.1;120.7;126.8;29.3;30.6
2022-2023;LILLE;059;NORD;0594278E;LYCEE TECHNOLOGIQUE PRIVE EPID;59183;DUNKERQUE;privé sous contrat;LEGT;212.0;;212.0;114.7;;114.7;25.9;
2022-2023;LILLE;059;NORD;0594400M;LYCEE PROFESSIONNEL AUTOMOBILE ET TRANSPORTS;59271;GRANDE SYNTHE;public;LP;;351.0;351.0;;77.9;77.9;;22.0
2022-2023;LILLE;059;NORD;0594404S;LYCEE PROFESSIONNEL RENE CASSIN;59414;MONTIGNY EN OSTREVENT;public;LP;;194.0;194.0;;71.6;71.6;;20.0
2022-2023;LILLE;059;NORD;0594652L;LYCEE PROFESSIONNEL DES PLAINES DU NORD;59271;GRANDE SYNTHE;public;LP;;141.0;141.0;;70.0;70.0;;17.2
2022-2023;LILLE;059;NORD;0595787V;LYCEE PROFESSIONNEL ALAIN SAVARY LYCEE DES METIERS;59650;WATTRELOS;public;LP;;180.0;180.0;;70.3;70.3;;18.2
2022-2023;LILLE;059;NORD;0595894L;LYCEE PROFESSIONNEL FRANCOIS RABELAIS;59178;DOUAI;public;LP;;711.0;711.0;;75.7;75.7;;21.5
2022-2023;LILLE;059;NORD;0596281G;LYCEE GENERAL PRIVE DE GENECH;59258;GENECH;privé sous contrat;LEGT;806.0;;806.0;128.4;;128.4;25.8;
2022-2023;LILLE;059;NORD;0596681S;LYCEE GENERAL ET TECHNOLOGIQUE PRIVE AVERROES;59350;LILLE;privé sous contrat;LEGT;360.0;;360.0;112.9;;112.9;30.1;
2022-2023;LILLE;059;NORD;0596892W;LYCEE D EXCELLENCE EDGAR MORIN;59178;DOUAI;public;LEGT;166.0;;166.0;91.2;;91.2;29.5;
2022-2023;LILLE;059;NORD;0596925G;LYCEE POLYVALENT CHARLOTTE PERRIAND;59258;GENECH;public;LPO;1181.0;84.0;1265.0;130.6;99.6;128.6;32.9;29.0
2022-2023;LILLE;062;PAS-DE-CALAIS;0620027T;LYCEE POLYVALENT PABLO PICASSO;62065;AVION;public;LPO;381.0;38.0;419.0;84.6;68.6;83.2;27.8;20.8
2022-2023;LILLE;062;PAS-DE-CALAIS;0620030W;LYCEE PROFESSIONNEL PHILIPPE AUGUSTE;62080;BAPAUME;public;LP;;371.0;371.0;;81.3;81.3;;21.2
2022-2023;LILLE;062;PAS-DE-CALAIS;0620043K;LYCEE PROFESSIONNEL SALVADOR ALLENDE;62119;BETHUNE;public;LP;;388.0;388.0;;78.0;78.0;;23.9
2022-2023;LILLE;062;PAS-DE-CALAIS;0620108F;LYCEE GENERAL ET TECHNOLOGIQUE CONDORCET;62498;LENS;public;LEGT;740.0;;740.0;87.1;;87.1;30.0;
2022-2023;LILLE;062;PAS-DE-CALAIS;0620113L;LYCEE GENERAL ET TECHNOLOGIQUE HENRI DARRAS;62510;LIEVIN;public;LEGT;1289.0;;1289.0;96.0;;96.0;32.9;
2022-2023;LILLE;062;PAS-DE-CALAIS;0620120U;LYCEE GENERAL ET TECHNOLOGIQUE ANATOLE FRANCE;62516;LILLERS;public;LEGT;657.0;;657.0;105.5;;105.5;31.8;
2022-2023;LILLE;062;PAS-DE-CALAIS;0620131F;LYCEE PROFESSIONNEL DES DEUX CAPS;62560;MARQUISE;public;LP;;181.0;181.0;;77.9;77.9;;24.2
2022-2023;LILLE;062;PAS-DE-CALAIS;0620140R;LYCEE POLYVALENT EUGENE WOILLEZ;62588;MONTREUIL;public;LPO;1043.0;204.0;1247.0;107.8;84.5;104.0;32.1;24.7
2022-2023;LILLE;062;PAS-DE-CALAIS;0620257T;LYCEE PROFESSIONNEL SAVARY FERRY;62041;ARRAS;public;LP;;1109.0;1109.0;;82.9;82.9;;25.4
2022-2023;LILLE;062;PAS-DE-CALAIS;0620258U;LYCEE PROFESSIONNEL VOLTAIRE;62895;WINGLES;public;LP;;563.0;563.0;;83.9;83.9;;24.5
2022-2023;LILLE;062;PAS-DE-CALAIS;0622089J;LYCEE PROFESSIONNEL ANDRE MALRAUX;62119;BETHUNE;public;LP;;635.0;635.0;;80.2;80.2;;24.3
2022-2023;LILLE;062;PAS-DE-CALAIS;0622110G;LYCEE GENERAL ET TECHNOLOGIQUE PRIVE SAINT PIERRE;62193;CALAIS;privé sous contrat;LEGT;438.0;;438.0;117.8;;117.8;28.4;
2022-2023;LILLE;062;PAS-DE-CALAIS;0622192W;LYCEE PROFESSIONNEL PRIVE SAINT JOSEPH LYCEE DES METIERS MANAGEMENT GESTION COMMUNICATION;62318;ETAPLES;privé sous contrat;LP;;119.0;119.0;;89.8;89.8;;19.8
2022-2023;LILLE;062;PAS-DE-CALAIS;0622198C;LPO PRIVE ET CAMPUS ST JOSEPH LYCEE DES METIERS ENERGIES NUMERIQUE ET AUTOMATION MANAGEMENT GESTION COMMUNICATION SANTE SOCIAL;62758;SAINT MARTIN BOULOGNE;privé sous contrat;LPO;503.0;257.0;760.0;108.0;96.0;104.0;27.3;23.4
2022-2023;LILLE;062;PAS-DE-CALAIS;0622199D;LYCEE POLYVALENT PRIVE SAINT DENIS;62765;SAINT OMER;privé sous contrat;LPO;223.0;42.0;265.0;111.6;109.5;111.2;27.9;32.6
2022-2023;LILLE;062;PAS-DE-CALAIS;0623915U;LYCEE GENERAL ET TECHNOLOGIQUE VOLTAIRE;62895;WINGLES;public;LEGT;991.0;;991.0;107.9;;107.9;33.4;
2022-2023;LILLE;062;PAS-DE-CALAIS;0624440P;LYCEE POLYVALENT D ARTOIS LYCEE DES METIERS DES SYSTEMES AUTOMATIQUES;62617;NOEUX LES MINES;public;LPO;570.0;347.0;917.0;97.0;76.2;89.1;31.7;22.8
2022-2023;LILLE;059;NORD;0590037V;LYCEE PROFESSIONNEL LOUISE DE BETTIGNIES;59122;CAMBRAI;public;LP;;734.0;734.0;;77.9;77.9;;23.3
2022-2023;LILLE;059;NORD;0590102R;LYCEE PROFESSIONNEL DES MONTS DE FLANDRE;59295;HAZEBROUCK;public;LP;;540.0;540.0;;83.5;83.5;;24.5
2022-2023;LILLE;059;NORD;0590110Z;LYCEE GENERAL ET TECHNOLOGIQUE JEAN PERRIN;59328;LAMBERSART;public;LEGT;917.0;;917.0;119.7;;119.7;38.0;
2022-2023;LILLE;059;NORD;0590149S;LYCEE POLYVALENT PIERRE FOREST;59392;MAUBEUGE;public;LPO;1124.0;83.0;1207.0;91.9;73.3;90.6;32.7;20.3
2022-2023;LILLE;059;NORD;0590168M;LYCEE POLYVALENT EUGENE THOMAS;59481;LE QUESNOY;public;LPO;597.0;125.0;722.0;118.6;85.6;112.9;34.9;24.6
2022-2023;LILLE;059;NORD;0590184E;LYCEE GENERAL JEAN ROSTAND;59512;ROUBAIX;public;LEGT;122.0;;122.0;81.6;;81.6;28.2;
2022-2023;LILLE;059;NORD;0590189K;LYCEE PROFESSIONNEL LAVOISIER;59512;ROUBAIX;public;LP;;314.0;314.0;;70.2;70.2;;19.0
2022-2023;LILLE;059;NORD;0590212K;LYCEE GENERAL;59599;TOURCOING;public;LEGT;880.0;;880.0;98.2;;98.2;36.5;
2022-2023;LILLE;059;NORD;0590215N;LYCEE GENERAL ET TECHNOLOGIQUE SEVIGNE;59599;TOURCOING;public;LEGT;153.0;;153.0;75.2;;75.2;23.7;
2022-2023;LILLE;059;NORD;0590263R;LYCEE PROFESSIONNEL FERNAND LEGER;59155;COUDEKERQUE BRANCHE;public;LP;;296.0;296.0;;78.6;78.6;;23.1
2022-2023;LILLE;059;NORD;0590265T;LYCEE PROFESSIONNEL EDMOND LABBE;59178;DOUAI;public;LP;;374.0;374.0;;82.0;82.0;;25.6
2022-2023;LILLE;059;NORD;0592967E;LYCEE POLYVALENT PRIVE LA SAGESSE;59606;VALENCIENNES;privé sous contrat;LPO;318.0;281.0;599.0;108.8;102.8;106.0;28.4;27.0
2022-2023;LILLE;059;NORD;0593006X;LYCEE POLYVALENT PRIVE NOTRE DAME D ANNAY;59350;LILLE;privé sous contrat;LPO;323.0;165.0;488.0;123.6;108.4;118.4;28.0;26.5
2022-2023;LILLE;059;NORD;0593030Y;LYCEE PROFESSIONNEL PRIVE NOTRE DAME DU SACRE COEUR LYCEE DES METIERS DU BIEN ETRE DE LA SANTE ET DU SOCIAL;59360;LOOS;privé sous contrat;LP;;282.0;282.0;;102.2;102.2;;28.7
2022-2023;LILLE;059;NORD;0593077Z;LYCEE POLYVALENT PRIVE SAINT JOSEPH;59295;HAZEBROUCK;privé sous contrat;LPO;115.0;162.0;277.0;109.4;96.6;101.9;27.3;21.9
2022-2023;LILLE;059;NORD;0593078A;LYCEE POLYVALENT PRIVE FONDATION DEPOORTER LYCEE DES METIERS DE LA SANTE ET DU SOCIAL;59295;HAZEBROUCK;privé sous contrat;LPO;156.0;232.0;388.0;108.4;95.8;100.8;29.5;23.3
2022-2023;LILLE;059;NORD;0593106F;LYCEE GENERAL PRIVE SAINTE ODILE;59328;LAMBERSART;privé sous contrat;LEGT;456.0;;456.0;131.0;;131.0;27.8;
2022-2023;LILLE;059;NORD;0593109J;LYCEE GENERAL PRIVE NOTRE DAME DE LA PAIX;59350;LILLE;privé sous contrat;LEGT;361.0;;361.0;136.8;;136.8;25.1;
2022-2023;LILLE;059;NORD;0594302F;LYCEE PROFESSIONNEL FRANCOIS MANSART LYCEE DES METIERS DU BATIMENT;59383;MARLY;public;LP;;259.0;259.0;;72.8;72.8;;21.9
2022-2023;LILLE;059;NORD;0594375K;LYCEE PROFESSIONNEL DINAH DERYCKE;59009;VILLENEUVE D ASCQ;public;LP;;363.0;363.0;;82.5;82.5;;25.7
2022-2023;LILLE;059;NORD;0594391C;LYCEE TECHNOLOGIQUE ECOLE SUP ARTS APPLIQUES TEXTILE;59512;ROUBAIX;public;LEGT;212.0;;212.0;130.3;;130.3;37.2;
2022-2023;LILLE;059;NORD;0594532F;LYCEE PROFESSIONNEL AMBROISE CROIZAT;59028;AUBY;public;LP;;228.0;228.0;;71.3;71.3;;19.6
2022-2023;LILLE;059;NORD;0594653M;LYCEE PROFESSIONNEL ANDRE JURENIL;59172;DENAIN;public;LP;;551.0;551.0;;73.1;73.1;;20.8
2022-2023;LILLE;059;NORD;0595867G;LYCEE GENERAL ET TECHNOLOGIQUE INTERNATIONAL MONTEBELLO;59350;LILLE;public;LEGT;1321.0;;1321.0;105.1;;105.1;41.3;
2022-2023;LILLE;059;NORD;0595885B;LYCEE GENERAL ET TECHNOLOGIQUE ARTHUR RIMBAUD;59569;SIN LE NOBLE;public;LEGT;1071.0;;1071.0;101.8;;101.8;33.3;
2022-2023;LILLE;059;NORD;0596854E;LYCEE POLYVALENT DU PAYS DE CONDE;59153;CONDE SUR L ESCAUT;public;LPO;662.0;597.0;1259.0;83.8;70.4;77.4;28.2;18.4
2022-2023;LILLE;059;NORD;0597005U;LYCEE POLYVALENT DU VAL DE LYS;59212;ESTAIRES;public;LPO;469.0;169.0;638.0;103.3;83.3;98.0;32.8;25.2
2022-2023;LILLE;062;PAS-DE-CALAIS;0620006V;LYCEE GENERAL ET TECHNOLOGIQUE ROBESPIERRE;62041;ARRAS;public;LEGT;967.0;;967.0;118.8;;118.8;36.6;
2022-2023;LILLE;062;PAS-DE-CALAIS;0620017G;LYCEE GENERAL ET TECHNOLOGIQUE LAVOISIER;62048;AUCHEL;public;LEGT;505.0;;505.0;84.5;;84.5;26.4;
2022-2023;LILLE;062;PAS-DE-CALAIS;0620040G;LYCEE GENERAL ET TECHNOLOGIQUE LOUIS BLARINGHEM;62119;BETHUNE;public;LEGT;1218.0;;1218.0;117.7;;117.7;34.2;
2022-2023;LILLE;062;PAS-DE-CALAIS;0620063G;LYCEE GENERAL ET TECHNOLOGIQUE SOPHIE BERTHELOT;62193;CALAIS;public;LEGT;1194.0;;1194.0;102.4;;102.4;33.5;
2022-2023;LILLE;062;PAS-DE-CALAIS;0620070P;LYCEE GENERAL ET TECHNOLOGIQUE DIDEROT;62215;CARVIN;public;LEGT;567.0;;567.0;97.2;;97.2;31.3;
2022-2023;LILLE;062;PAS-DE-CALAIS;0620093P;LYCEE GENERAL ET TECHNOLOGIQUE FERNAND DARCHICOURT;62427;HENIN BEAUMONT;public;LEGT;1472.0;;1472.0;96.6;;96.6;30.9;
2022-2023;LILLE;062;PAS-DE-CALAIS;0620095S;LYCEE POLYVALENT LOUIS PASTEUR;62427;HENIN BEAUMONT;public;LPO;632.0;253.0;885.0;91.7;79.6;88.2;30.2;24.3
2022-2023;LILLE;062;PAS-DE-CALAIS;0620121V;LYCEE PROFESSIONNEL FLORA TRISTAN;62516;LILLERS;public;LP;;116.0;116.0;;78.3;78.3;;24.0
2022-2023;LILLE;062;PAS-DE-CALAIS;0620188T;LP DU DETROIT LYCEE DES METIERS DE LA MODE ET DES TEXTILES LYCEE DES METIERS DE LA MAINTENANCE INDUSTRIELLE DES TERRES D OPALE;62193;CALAIS;public;LP;;628.0;628.0;;73.8;73.8;;21.5
2022-2023;LILLE;062;PAS-DE-CALAIS;0622120T;LYCEE GENERAL PRIVE NOTRE DAME DE SION;62765;SAINT OMER;privé sous contrat;LEGT;303.0;;303.0;119.8;;119.8;28.5;
2022-2023;LILLE;062;PAS-DE-CALAIS;0622150A;LYCEE POLYVALENT PRIVE JEAN BOSCO;62397;GUINES;privé sous contrat;LPO;29.0;237.0;266.0;95.9;88.1;88.9;26.1;21.1
2022-2023;LILLE;062;PAS-DE-CALAIS;0623902E;LYCEE POLYVALENT MARGUERITE YOURCENAR LYCEE DES METIERS DE LA PERSONNE SANTE SOCIAL ET DE L HOTELLERIE RESTAURATION;62126;BEUVRY;public;LPO;563.0;251.0;814.0;96.4;81.0;91.6;27.9;25.1
2022-2023;LILLE;062;PAS-DE-CALAIS;0624531N;LYCEE GENERAL ET TECHNOLOGIQUE PRIVE SAINTE AUSTREBERTHE;62588;MONTREUIL;privé sous contrat;LEGT;45.0;;45.0;118.2;;118.2;27.2;
2022-2023;LILLE;059;NORD;0590018Z;LYCEE POLYVALENT JESSE DE FOREST;59036;AVESNES SUR HELPE;public;LPO;604.0;124.0;728.0;101.2;75.2;96.8;32.2;22.2
2022-2023;LILLE;059;NORD;0590044C;LYCEE POLYVALENT JOSEPH MARIE JACQUARD;59139;CAUDRY;public;LPO;493.0;276.0;769.0;84.3;69.5;79.0;28.8;20.0
2022-2023;LILLE;059;NORD;0590064Z;LYCEE GENERAL ET TECHNOLOGIQUE JEAN BAPTISTE COROT;59178;DOUAI;public;LEGT;921.0;;921.0;101.0;;101.0;34.5;
2022-2023;LILLE;059;NORD;0590083V;LYCEE POLYVALENT CAMILLE CLAUDEL;59249;FOURMIES;public;LPO;372.0;209.0;581.0;94.4;72.8;86.6;33.9;21.2
2022-2023;LILLE;059;NORD;0590086Y;LYCEE GENERAL ET TECHNOLOGIQUE MARGUERITE DE FLANDRE;59266;GONDECOURT;public;LEGT;1355.0;;1355.0;125.5;;125.5;34.5;
2022-2023;LILLE;059;NORD;0590098L;LYCEE PROFESSIONNEL PLACIDE COURTOY;59291;HAUTMONT;public;LP;;371.0;371.0;;70.3;70.3;;20.7
2022-2023;LILLE;059;NORD;0590112B;LYCEE GENERAL ET TECHNOLOGIQUE DUPLEIX;59331;LANDRECIES;public;LEGT;360.0;;360.0;102.1;;102.1;32.3;
2022-2023;LILLE;059;NORD;0590121L;LYCEE GENERAL ET TECHNOLOGIQUE CESAR BAGGIO;59350;LILLE;public;LEGT;555.0;;555.0;94.4;;94.4;34.3;
2022-2023;LILLE;059;NORD;0590214M;LYCEE POLYVALENT COLBERT LYCEE DES METIERS DU NUMERIQUE ET DES TECHNOLOGIES INNOVANTES;59599;TOURCOING;public;LPO;535.0;197.0;732.0;94.5;83.5;91.5;35.9;25.2
2022-2023;LILLE;059;NORD;0590217R;LYCEE PROFESSIONNEL SEVIGNE LYCEE DES METIERS;59599;TOURCOING;public;LP;;609.0;609.0;;76.4;76.4;;25.0
2022-2023;LILLE;059;NORD;0590252D;LYCEE PROFESSIONNEL LOUIS LEOPOLD BOILLY;59051;LA BASSEE;public;LP;;333.0;333.0;;84.8;84.8;;24.3
2022-2023;LILLE;059;NORD;0590255G;LYCEE PROFESSIONNEL GUY DEBEYRE;59183;DUNKERQUE;public;LP;;574.0;574.0;;80.9;80.9;;23.8
2022-2023;LILLE;059;NORD;0590266U;LYCEE PROFESSIONNEL CESAR BAGGIO;59350;LILLE;public;LP;;409.0;409.0;;79.9;79.9;;27.4
2022-2023;LILLE;059;NORD;0590282L;LYCEE GENERAL ET TECHNOLOGIQUE JULES MOUSSERON;59172;DENAIN;public;LEGT;669.0;;669.0;87.0;;87.0;28.8;
2022-2023;LILLE;059;NORD;0592832H;LYCEE PROFESSIONNEL VERTES FEUILLES LYCEE DES METIERS DE LA SECURITE ET DE LA PREVENTION;59527;SAINT ANDRE LEZ LILLE;public;LP;;154.0;154.0;;77.7;77.7;;20.0
2022-2023;LILLE;059;NORD;0592913W;LYCEE GENERAL PRIVE NOTRE DAME DES ANGES;59526;SAINT AMAND LES EAUX;privé sous contrat;LEGT;471.0;;471.0;128.5;;128.5;28.2;
2022-2023;LILLE;059;NORD;0592921E;LYCEE GENERAL ET TECHNOLOGIQUE PRIVE SAINT REMI;59512;ROUBAIX;privé sous contrat;LEGT;1424.0;;1424.0;105.3;;105.3;31.8;
2022-2023;LILLE;059;NORD;0592922F;LYCEE GENERAL PRIVE THERESE D AVILA;59350;LILLE;privé sous contrat;LEGT;668.0;;668.0;139.7;;139.7;24.6;
2022-2023;LILLE;059;NORD;0592964B;LYCEE PROFESSIONNEL PRIVE LEONARD DE VINCI;59512;ROUBAIX;privé sous contrat;LP;;154.0;154.0;;93.4;93.4;;23.3
2022-2023;LILLE;059;NORD;0592966D;LYCEE POLYVALENT PRIVE EIC JEHANNE D ARC;59599;TOURCOING;privé sous contrat;LPO;119.0;354.0;473.0;108.1;98.4;100.8;28.8;26.9
2022-2023;LILLE;059;NORD;0592969G;LYCEE POLYVALENT PRIVE DAMPIERRE;59606;VALENCIENNES;privé sous contrat;LPO;78.0;172.0;250.0;112.8;99.2;103.4;27.5;23.7
2022-2023;LILLE;059;NORD;0593007Y;LYCEE GENERAL ET TECHNOLOGIQUE PRIVE FREDERIC OZANAM LYCEE DES METIERS DE LA CONSTRUCTION DE L ENVIRONNEMENT ET DES ENERGIES;59350;LILLE;privé sous contrat;LEGT;764.0;;764.0;132.7;;132.7;28.0;
2022-2023;LILLE;059;NORD;0593040J;LYCEE POLYVALENT PRIVE NOTRE DAME DE LA PROVIDENCE;59449;ORCHIES;privé sous contrat;LPO;241.0;267.0;508.0;128.2;116.3;122.0;26.8;29.2
2022-2023;LILLE;059;NORD;0593104D;LYCEE POLYVALENT PRIVE SAINT PIERRE;59249;FOURMIES;privé sous contrat;LPO;59.0;188.0;247.0;103.0;87.4;91.1;27.1;22.2
2022-2023;LILLE;059;NORD;0593136N;LYCEE GENERAL ET TECHNOLOGIQUE PRIVE SAINT JACQUES;59295;HAZEBROUCK;privé sous contrat;LEGT;540.0;;540.0;123.7;;123.7;28.6;
2022-2023;LILLE;059;NORD;0593139S;LYCEE GENERAL PRIVE SACRE COEUR;59599;TOURCOING;privé sous contrat;LEGT;1087.0;;1087.0;116.8;;116.8;31.3;
2022-2023;LILLE;059;NORD;0593141U;LYCEE GENERAL PRIVE NOTRE DAME;59606;VALENCIENNES;privé sous contrat;LEGT;697.0;;697.0;126.5;;126.5;28.4;
2022-2023;LILLE;059;NORD;0594424N;LYCEE GENERAL ET TECHNOLOGIQUE RAYMOND QUENEAU;59009;VILLENEUVE D ASCQ;public;LEGT;817.0;;817.0;104.9;;104.9;39.1;
2022-2023;LILLE;059;NORD;0595480L;LYCEE PROFESSIONNEL ILE JEANTY;59183;DUNKERQUE;public;LP;;306.0;306.0;;73.7;73.7;;20.6
2022-2023;LILLE;059;NORD;0595678B;LYCEE PROFESSIONNEL LEONARD DE VINCI;59603;TRITH SAINT LEGER;public;LP;;411.0;411.0;;76.4;76.4;;23.5
2022-2023;LILLE;059;NORD;0595786U;LYCEE GENERAL ET TECHNOLOGIQUE JEAN PROUVE;59350;LILLE;public;LEGT;237.0;;237.0;103.5;;103.5;34.1;
2022-2023;LILLE;059;NORD;0596957S;LYCEE PROFESSIONNEL AIME CESAIRE;59350;LILLE;public;LP;;509.0;509.0;;73.2;73.2;;22.0
2022-2023;LILLE;062;PAS-DE-CALAIS;0620042J;LYCEE GENERAL ET TECHNOLOGIQUE ANDRE MALRAUX;62119;BETHUNE;public;LEGT;504.0;;504.0;101.4;;101.4;32.4;
2022-2023;LILLE;062;PAS-DE-CALAIS;0620056Z;LYCEE POLYVALENT CARNOT LYCEE DES METIERS DES SYSTEMES AUTOMATIQUES ET DE L ELECTRONIQUE COMMUNICANTE;62178;BRUAY LA BUISSIERE;public;LPO;1064.0;307.0;1371.0;95.1;76.3;90.9;31.6;22.6
2022-2023;LILLE;062;PAS-DE-CALAIS;0620110H;LYCEE PROFESSIONNEL AUGUSTE BEHAL LYCEE DES METIERS DE LA PERSONNE SANTE SOCIAL LYCEE DES METIERS DE CONSTRUCTION BOIS ET MATERIAUX;62498;LENS;public;LP;;514.0;514.0;;74.6;74.6;;22.8
2022-2023;LILLE;062;PAS-DE-CALAIS;0620124Y;LYCEE PROFESSIONNEL BERNARD CHOCHOY;62534;LUMBRES;public;LP;;185.0;185.0;;74.3;74.3;;17.1
2022-2023;LILLE;062;PAS-DE-CALAIS;0620161N;LYCEE GENERAL ET TECHNOLOGIQUE ALEXANDRE RIBOT;62765;SAINT OMER;public;LEGT;1097.0;;1097.0;106.1;;106.1;34.1;
2022-2023;LILLE;062;PAS-DE-CALAIS;0620162P;LYCEE PROFESSIONNEL DU PAYS DE SAINT OMER;62765;SAINT OMER;public;LP;;863.0;863.0;;76.9;76.9;;22.2
2022-2023;LILLE;062;PAS-DE-CALAIS;0620187S;LYCEE PROFESSIONNEL JULES VERNE LYCEE DES METIERS DU BATIMENT ET DES ENERGIES RENOUVELABLES;62318;ETAPLES;public;LP;;144.0;144.0;;75.8;75.8;;21.2
2022-2023;LILLE;062;PAS-DE-CALAIS;0622196A;LYCEE POLYVALENT PRIVE BAUDIMONT LYCEE DES METIERS DU TERTIAIRE COMMERCIAL ET DU MANAGEMENT;62041;ARRAS;privé sous contrat;LPO;1175.0;270.0;1445.0;127.5;109.6;124.2;28.0;30.1
2022-2023;LILLE;062;PAS-DE-CALAIS;0622276M;LYCEE POLYVALENT JAN LAVEZZARI;62108;BERCK;public;LPO;553.0;211.0;764.0;104.6;82.0;98.4;31.3;24.7
2022-2023;LILLE;062;PAS-DE-CALAIS;0623864N;LYCEE PROFESSIONNEL MAXIMILIEN DE ROBESPIERRE;62498;LENS;public;LP;;555.0;555.0;;77.5;77.5;;24.0
2022-2023;LILLE;062;PAS-DE-CALAIS;0623981R;LYCEE POLYVALENT VAUBAN;62014;AIRE SUR LA LYS;public;LPO;756.0;203.0;959.0;109.6;85.6;104.5;30.4;24.9
